cliente_id,fecha,monto,sentido,instrumento,canal,contraparte,pais_contraparte,referencia
AR005,2026-03-02,44067.73,EGRESO,EFECTIVO,PRESENCIAL,Proveedor,Chile,
AR006,2026-03-02,337604.80,INGRESO,CHEQUE,ELECTRONICO,Mayorista del rubro,Argentina,
AR007,2026-03-02,723375.27,EGRESO,TRANSFERENCIA,ELECTRONICO,Proveedor local,Argentina,
AR010,2026-03-02,127231.68,EGRESO,TRANSFERENCIA,ELECTRONICO,Servicios contratados,Argentina,
AR013,2026-03-02,2361617.45,INGRESO,CHEQUE,ELECTRONICO,Transferencia recibida,Argentina,
AR016,2026-03-02,818074.80,INGRESO,EFECTIVO,PRESENCIAL,Proveedor,Chile,
AR025,2026-03-02,2701545.68,INGRESO,TRANSFERENCIA,ELECTRONICO,Mayorista del rubro,Argentina,
AR001,2026-03-03,240129.14,INGRESO,TRANSFERENCIA,ELECTRONICO,Mayorista del rubro,Argentina,
AR002,2026-03-03,260591.42,INGRESO,TRANSFERENCIA,ELECTRONICO,Cliente minorista,Argentina,
AR004,2026-03-03,119764.80,INGRESO,TRANSFERENCIA,ELECTRONICO,Transferencia recibida,Argentina,
AR007,2026-03-03,881292.37,EGRESO,TRANSFERENCIA,ELECTRONICO,Cobro de honorarios,Argentina,
AR010,2026-03-03,89091.86,INGRESO,TRANSFERENCIA,ELECTRONICO,Mayorista del rubro,Argentina,
AR017,2026-03-03,277394.91,EGRESO,EFECTIVO,PRESENCIAL,Cobro de honorarios,Argentina,
AR027,2026-03-03,9897420.60,INGRESO,EFECTIVO,PRESENCIAL,Mayorista del rubro,Argentina,
AR003,2026-03-04,182886.65,INGRESO,TRANSFERENCIA,ELECTRONICO,Mayorista del rubro,Argentina,
AR004,2026-03-04,113369.54,INGRESO,EFECTIVO,PRESENCIAL,Cobro de honorarios,Argentina,
AR004,2026-03-04,131877.46,INGRESO,EFECTIVO,PRESENCIAL,Cobro de honorarios,Argentina,
AR005,2026-03-04,49119.00,INGRESO,EFECTIVO,PRESENCIAL,Cliente minorista,Argentina,
AR010,2026-03-04,100771.75,INGRESO,TRANSFERENCIA,ELECTRONICO,Importador,Brasil,
AR024,2026-03-04,340463.28,INGRESO,TRANSFERENCIA,ELECTRONICO,Servicios contratados,Argentina,
AR010,2026-03-05,108578.52,INGRESO,TRANSFERENCIA,ELECTRONICO,Transferencia recibida,Argentina,
AR015,2026-03-05,704867.03,EGRESO,TRANSFERENCIA,ELECTRONICO,Cobro de honorarios,Argentina,
AR019,2026-03-05,262621.43,EGRESO,CHEQUE,ELECTRONICO,Cliente minorista,Argentina,
AR021,2026-03-05,491936.55,INGRESO,TRANSFERENCIA,ELECTRONICO,Mayorista del rubro,Argentina,
AR021,2026-03-05,520289.89,INGRESO,EFECTIVO,PRESENCIAL,Cobro de honorarios,Argentina,
AR034,2026-03-05,7574536.16,EGRESO,TRANSFERENCIA,ELECTRONICO,Transferencia recibida,Argentina,
AR003,2026-03-06,172890.13,EGRESO,TRANSFERENCIA,ELECTRONICO,Transferencia recibida,Argentina,
AR006,2026-03-06,381919.87,INGRESO,TRANSFERENCIA,ELECTRONICO,Cobro de honorarios,Argentina,
AR014,2026-03-06,948397.08,EGRESO,CHEQUE,ELECTRONICO,Cobro de honorarios,Argentina,
AR015,2026-03-06,956580.53,INGRESO,CHEQUE,ELECTRONICO,Cliente minorista,Argentina,
AR015,2026-03-06,422356.68,INGRESO,CHEQUE,ELECTRONICO,Cliente minorista,Argentina,
AR017,2026-03-06,267145.81,INGRESO,TRANSFERENCIA,ELECTRONICO,Mayorista del rubro,Argentina,
AR018,2026-03-06,273923.25,EGRESO,TRANSFERENCIA,ELECTRONICO,Cobro de honorarios,Argentina,
AR020,2026-03-06,124139.91,EGRESO,TRANSFERENCIA,ELECTRONICO,Cobro de honorarios,Argentina,
AR022,2026-03-06,99309.27,EGRESO,TRANSFERENCIA,ELECTRONICO,Cliente minorista,Argentina,
AR022,2026-03-06,50274.05,INGRESO,EFECTIVO,PRESENCIAL,Mayorista del rubro,Argentina,
AR029,2026-03-06,1315766.87,INGRESO,TRANSFERENCIA,ELECTRONICO,Cobro de honorarios,Argentina,
AR031,2026-03-06,1793241.98,INGRESO,TRANSFERENCIA,ELECTRONICO,Cliente minorista,Argentina,
AR031,2026-03-06,3469023.54,INGRESO,CHEQUE,ELECTRONICO,Proveedor local,Argentina,
AR032,2026-03-06,1400489.70,INGRESO,TRANSFERENCIA,ELECTRONICO,Transferencia recibida,Argentina,
AR035,2026-03-06,2824477.67,INGRESO,TRANSFERENCIA,ELECTRONICO,Cliente minorista,Argentina,
AR013,2026-03-07,1644959.01,INGRESO,CHEQUE,ELECTRONICO,Importador,Brasil,
AR013,2026-03-07,1643963.56,INGRESO,TRANSFERENCIA,ELECTRONICO,Cobro de honorarios,Argentina,
AR016,2026-03-07,1022436.88,INGRESO,EFECTIVO,PRESENCIAL,Servicios contratados,Argentina,
AR018,2026-03-07,257440.22,INGRESO,TRANSFERENCIA,ELECTRONICO,Cobro de honorarios,Argentina,
AR019,2026-03-07,288654.39,INGRESO,TRANSFERENCIA,ELECTRONICO,Mayorista del rubro,Argentina,
AR020,2026-03-07,198884.72,INGRESO,TRANSFERENCIA,ELECTRONICO,Transferencia recibida,Argentina,
AR024,2026-03-07,289609.96,INGRESO,TRANSFERENCIA,ELECTRONICO,Transferencia recibida,Argentina,
AR029,2026-03-07,1146668.88,EGRESO,TRANSFERENCIA,ELECTRONICO,Cobro de honorarios,Argentina,
AR030,2026-03-07,4667179.84,INGRESO,TRANSFERENCIA,ELECTRONICO,Proveedor local,Argentina,
AR032,2026-03-07,908392.87,INGRESO,TRANSFERENCIA,ELECTRONICO,Servicios contratados,Argentina,
AR032,2026-03-07,963079.91,EGRESO,CHEQUE,ELECTRONICO,Cliente minorista,Argentina,
AR003,2026-03-08,278717.90,INGRESO,CHEQUE,ELECTRONICO,Transferencia recibida,Argentina,
AR010,2026-03-08,149411.17,INGRESO,TRANSFERENCIA,ELECTRONICO,Cliente minorista,Argentina,
AR034,2026-03-08,9404539.81,INGRESO,CHEQUE,ELECTRONICO,Proveedor local,Argentina,
AR007,2026-03-09,1098067.89,INGRESO,TRANSFERENCIA,ELECTRONICO,Servicios contratados,Argentina,
AR008,2026-03-09,78561.23,INGRESO,CHEQUE,ELECTRONICO,Comitente,Uruguay,
AR013,2026-03-09,2630604.44,INGRESO,CHEQUE,ELECTRONICO,Transferencia recibida,Argentina,
AR016,2026-03-09,1030711.27,INGRESO,EFECTIVO,PRESENCIAL,Mayorista del rubro,Argentina,
AR004,2026-03-10,211201.08,INGRESO,TRANSFERENCIA,ELECTRONICO,Servicios contratados,Argentina,
AR008,2026-03-10,133960.36,INGRESO,CHEQUE,ELECTRONICO,Servicios contratados,Argentina,
AR011,2026-03-10,154421.52,INGRESO,EFECTIVO,PRESENCIAL,Cliente minorista,Argentina,
AR014,2026-03-10,706660.44,INGRESO,EFECTIVO,PRESENCIAL,Servicios contratados,Argentina,
AR014,2026-03-10,805760.74,INGRESO,TRANSFERENCIA,ELECTRONICO,Transferencia recibida,Argentina,
AR020,2026-03-10,105098.62,INGRESO,TRANSFERENCIA,ELECTRONICO,Mayorista del rubro,Argentina,
AR021,2026-03-10,247848.03,EGRESO,EFECTIVO,PRESENCIAL,Cliente minorista,Argentina,
AR022,2026-03-10,75300.71,INGRESO,TRANSFERENCIA,ELECTRONICO,Cobro de honorarios,Argentina,
AR023,2026-03-10,1701303.45,INGRESO,CHEQUE,ELECTRONICO,Proveedor local,Argentina,
AR027,2026-03-10,11613977.78,EGRESO,EFECTIVO,PRESENCIAL,Cliente minorista,Argentina,
AR030,2026-03-10,2842346.64,INGRESO,TRANSFERENCIA,ELECTRONICO,Cobro de honorarios,Argentina,
AR014,2026-03-11,635417.89,EGRESO,TRANSFERENCIA,ELECTRONICO,Cliente minorista,Argentina,
AR017,2026-03-11,349068.22,INGRESO,TRANSFERENCIA,ELECTRONICO,Transferencia recibida,Argentina,
AR028,2026-03-11,884019.33,INGRESO,CHEQUE,ELECTRONICO,Proveedor local,Argentina,
AR005,2026-03-12,34263.57,INGRESO,EFECTIVO,PRESENCIAL,Transferencia recibida,Argentina,
AR006,2026-03-12,335112.03,INGRESO,TRANSFERENCIA,ELECTRONICO,Proveedor local,Argentina,
AR006,2026-03-12,379897.26,INGRESO,EFECTIVO,PRESENCIAL,Mayorista del rubro,Argentina,
AR016,2026-03-12,1113858.13,INGRESO,CHEQUE,ELECTRONICO,Cobro de honorarios,Argentina,
AR021,2026-03-12,310998.66,INGRESO,TRANSFERENCIA,ELECTRONICO,Servicios contratados,Argentina,
AR003,2026-03-13,156332.78,INGRESO,TRANSFERENCIA,ELECTRONICO,Transferencia recibida,Argentina,
AR007,2026-03-13,924758.49,EGRESO,TRANSFERENCIA,ELECTRONICO,Mayorista del rubro,Argentina,
AR014,2026-03-13,563090.72,INGRESO,CHEQUE,ELECTRONICO,Cobro de honorarios,Argentina,
AR015,2026-03-13,640601.06,EGRESO,TRANSFERENCIA,ELECTRONICO,Cliente minorista,Argentina,
AR020,2026-03-13,205503.18,EGRESO,TRANSFERENCIA,ELECTRONICO,Transferencia recibida,Argentina,
AR022,2026-03-13,56713.78,INGRESO,CHEQUE,ELECTRONICO,Mayorista del rubro,Argentina,
AR024,2026-03-13,369123.59,INGRESO,TRANSFERENCIA,ELECTRONICO,Servicios contratados,Argentina,
AR035,2026-03-13,2672587.80,INGRESO,TRANSFERENCIA,ELECTRONICO,Cobro de honorarios,Argentina,
AR005,2026-03-14,62376.69,INGRESO,EFECTIVO,PRESENCIAL,Cobro de honorarios,Argentina,
AR006,2026-03-14,364478.51,EGRESO,CHEQUE,ELECTRONICO,Cliente minorista,Argentina,
AR007,2026-03-14,1048121.91,INGRESO,CHEQUE,ELECTRONICO,Cobro de honorarios,Argentina,
AR009,2026-03-14,69905.92,EGRESO,TRANSFERENCIA,ELECTRONICO,Cliente minorista,Argentina,
AR033,2026-03-14,2780416.85,INGRESO,CHEQUE,ELECTRONICO,Servicios contratados,Argentina,
AR004,2026-03-15,178613.93,INGRESO,CHEQUE,ELECTRONICO,Proveedor local,Argentina,
AR023,2026-03-15,2733149.93,INGRESO,TRANSFERENCIA,ELECTRONICO,Cobro de honorarios,Argentina,
AR025,2026-03-15,2311005.88,EGRESO,EFECTIVO,PRESENCIAL,Cliente minorista,Argentina,
AR033,2026-03-15,3014944.12,EGRESO,CHEQUE,ELECTRONICO,Cliente minorista,Argentina,
AR002,2026-03-16,173810.81,EGRESO,TRANSFERENCIA,ELECTRONICO,Transferencia recibida,Argentina,
AR008,2026-03-16,125930.77,EGRESO,TRANSFERENCIA,ELECTRONICO,Cobro de honorarios,Argentina,
AR012,2026-03-16,1254873.60,INGRESO,TRANSFERENCIA,ELECTRONICO,Proveedor local,Argentina,
AR016,2026-03-16,1133082.36,INGRESO,TRANSFERENCIA,ELECTRONICO,Importador,Brasil,
AR025,2026-03-16,2229756.10,INGRESO,TRANSFERENCIA,ELECTRONICO,Transferencia recibida,Argentina,
AR030,2026-03-16,3160893.68,INGRESO,TRANSFERENCIA,ELECTRONICO,Servicios contratados,Argentina,
AR005,2026-03-17,57625.98,INGRESO,EFECTIVO,PRESENCIAL,Cobro de honorarios,Argentina,
AR018,2026-03-17,254353.99,INGRESO,TRANSFERENCIA,ELECTRONICO,Transferencia recibida,Argentina,
AR019,2026-03-17,543901.41,INGRESO,CHEQUE,ELECTRONICO,Comitente,Uruguay,
AR020,2026-03-17,185560.47,EGRESO,TRANSFERENCIA,ELECTRONICO,Mayorista del rubro,Argentina,
AR027,2026-03-17,6469101.84,INGRESO,EFECTIVO,PRESENCIAL,Mayorista del rubro,Argentina,
AR031,2026-03-17,3979267.56,INGRESO,TRANSFERENCIA,ELECTRONICO,Mayorista del rubro,Argentina,
AR031,2026-03-17,2171090.95,EGRESO,TRANSFERENCIA,ELECTRONICO,Importador,Brasil,
AR033,2026-03-17,1925297.62,INGRESO,TRANSFERENCIA,ELECTRONICO,Mayorista del rubro,Argentina,
AR035,2026-03-17,2983004.17,INGRESO,TRANSFERENCIA,ELECTRONICO,Importador,Brasil,
AR003,2026-03-18,289290.48,INGRESO,TRANSFERENCIA,ELECTRONICO,Cliente minorista,Argentina,
AR008,2026-03-18,122553.09,INGRESO,TRANSFERENCIA,ELECTRONICO,Cliente minorista,Argentina,
AR011,2026-03-18,251157.44,EGRESO,TRANSFERENCIA,ELECTRONICO,Proveedor,Chile,
AR022,2026-03-18,99483.99,INGRESO,CHEQUE,ELECTRONICO,Servicios contratados,Argentina,
AR022,2026-03-18,54983.36,INGRESO,CHEQUE,ELECTRONICO,Cobro de honorarios,Argentina,
AR032,2026-03-18,1184538.91,EGRESO,CHEQUE,ELECTRONICO,Proveedor,Chile,
AR034,2026-03-18,8885729.59,INGRESO,CHEQUE,ELECTRONICO,Cobro de honorarios,Argentina,
AR008,2026-03-19,121009.12,INGRESO,TRANSFERENCIA,ELECTRONICO,Cobro de honorarios,Argentina,
AR019,2026-03-19,319210.04,EGRESO,TRANSFERENCIA,ELECTRONICO,Cliente minorista,Argentina,
AR019,2026-03-19,279003.62,EGRESO,TRANSFERENCIA,ELECTRONICO,Mayorista del rubro,Argentina,
AR021,2026-03-19,482476.68,EGRESO,TRANSFERENCIA,ELECTRONICO,Servicios contratados,Argentina,
AR033,2026-03-19,1680642.28,EGRESO,TRANSFERENCIA,ELECTRONICO,Cliente minorista,Argentina,
AR033,2026-03-19,3270041.16,INGRESO,CHEQUE,ELECTRONICO,Proveedor local,Argentina,
AR008,2026-03-20,98896.17,INGRESO,EFECTIVO,PRESENCIAL,Proveedor,Chile,
AR008,2026-03-20,65110.76,INGRESO,TRANSFERENCIA,ELECTRONICO,Cliente minorista,Argentina,
AR011,2026-03-20,237224.26,EGRESO,CHEQUE,ELECTRONICO,Transferencia recibida,Argentina,
AR026,2026-03-20,2737815.93,INGRESO,TRANSFERENCIA,ELECTRONICO,Transferencia recibida,Argentina,
AR033,2026-03-20,2304734.84,INGRESO,TRANSFERENCIA,ELECTRONICO,Mayorista del rubro,Argentina,
AR007,2026-03-21,1071647.52,INGRESO,CHEQUE,ELECTRONICO,Mayorista del rubro,Argentina,
AR011,2026-03-21,143980.90,INGRESO,TRANSFERENCIA,ELECTRONICO,Servicios contratados,Argentina,
AR029,2026-03-21,1666038.99,EGRESO,TRANSFERENCIA,ELECTRONICO,Mayorista del rubro,Argentina,
AR035,2026-03-21,2590164.18,INGRESO,TRANSFERENCIA,ELECTRONICO,Mayorista del rubro,Argentina,
AR001,2026-03-22,345353.76,INGRESO,TRANSFERENCIA,ELECTRONICO,Cobro de honorarios,Argentina,
AR002,2026-03-22,214671.62,EGRESO,CHEQUE,ELECTRONICO,Servicios contratados,Argentina,
AR006,2026-03-22,220311.59,INGRESO,TRANSFERENCIA,ELECTRONICO,Servicios contratados,Argentina,
AR008,2026-03-22,108865.23,INGRESO,CHEQUE,ELECTRONICO,Importador,Brasil,
AR020,2026-03-22,117987.54,EGRESO,TRANSFERENCIA,ELECTRONICO,Cobro de honorarios,Argentina,
AR023,2026-03-22,1592075.67,INGRESO,CHEQUE,ELECTRONICO,Mayorista del rubro,Argentina,
AR028,2026-03-22,1597509.07,EGRESO,CHEQUE,ELECTRONICO,Cliente minorista,Argentina,
AR031,2026-03-22,2219729.92,INGRESO,TRANSFERENCIA,ELECTRONICO,Mayorista del rubro,Argentina,
AR032,2026-03-22,1284598.83,INGRESO,CHEQUE,ELECTRONICO,Cobro de honorarios,Argentina,
AR032,2026-03-22,1205688.70,INGRESO,CHEQUE,ELECTRONICO,Cliente minorista,Argentina,
AR006,2026-03-23,229419.75,EGRESO,EFECTIVO,PRESENCIAL,Cobro de honorarios,Argentina,
AR012,2026-03-23,1649363.17,EGRESO,CHEQUE,ELECTRONICO,Transferencia recibida,Argentina,
AR016,2026-03-23,889786.13,INGRESO,TRANSFERENCIA,ELECTRONICO,Proveedor local,Argentina,
AR016,2026-03-23,598142.88,INGRESO,TRANSFERENCIA,ELECTRONICO,Proveedor local,Argentina,
AR021,2026-03-23,339566.33,INGRESO,EFECTIVO,PRESENCIAL,Cobro de honorarios,Argentina,
AR026,2026-03-23,2907930.87,EGRESO,TRANSFERENCIA,ELECTRONICO,Servicios contratados,Argentina,
AR029,2026-03-23,1789885.49,INGRESO,TRANSFERENCIA,ELECTRONICO,Transferencia recibida,Argentina,
AR001,2026-03-24,299365.24,INGRESO,TRANSFERENCIA,ELECTRONICO,Cliente minorista,Argentina,
AR001,2026-03-24,307605.09,INGRESO,TRANSFERENCIA,ELECTRONICO,Mayorista del rubro,Argentina,
AR002,2026-03-24,285972.51,INGRESO,TRANSFERENCIA,ELECTRONICO,Cliente minorista,Argentina,
AR010,2026-03-24,167285.97,EGRESO,EFECTIVO,PRESENCIAL,Importador,Brasil,
AR015,2026-03-24,485606.39,INGRESO,CHEQUE,ELECTRONICO,Servicios contratados,Argentina,
AR021,2026-03-24,359109.10,INGRESO,CHEQUE,ELECTRONICO,Cobro de honorarios,Argentina,
AR023,2026-03-24,2777646.62,INGRESO,CHEQUE,ELECTRONICO,Mayorista del rubro,Argentina,
AR026,2026-03-24,2813731.95,EGRESO,TRANSFERENCIA,ELECTRONICO,Mayorista del rubro,Argentina,
AR026,2026-03-24,3659329.90,INGRESO,CHEQUE,ELECTRONICO,Proveedor local,Argentina,
AR026,2026-03-24,4634108.05,EGRESO,CHEQUE,ELECTRONICO,Cliente minorista,Argentina,
AR028,2026-03-24,1685311.38,INGRESO,CHEQUE,ELECTRONICO,Servicios contratados,Argentina,
AR029,2026-03-24,2089634.74,EGRESO,TRANSFERENCIA,ELECTRONICO,Mayorista del rubro,Argentina,
AR033,2026-03-24,1704518.66,INGRESO,TRANSFERENCIA,ELECTRONICO,Transferencia recibida,Argentina,
AR003,2026-03-25,200159.99,INGRESO,TRANSFERENCIA,ELECTRONICO,Proveedor local,Argentina,
AR004,2026-03-25,210906.90,INGRESO,EFECTIVO,PRESENCIAL,Servicios contratados,Argentina,
AR012,2026-03-25,1161310.68,INGRESO,TRANSFERENCIA,ELECTRONICO,Servicios contratados,Argentina,
AR015,2026-03-25,544342.06,INGRESO,TRANSFERENCIA,ELECTRONICO,Mayorista del rubro,Argentina,
AR024,2026-03-25,452565.72,INGRESO,CHEQUE,ELECTRONICO,Proveedor local,Argentina,
AR028,2026-03-25,1104517.05,INGRESO,TRANSFERENCIA,ELECTRONICO,Cliente minorista,Argentina,
AR032,2026-03-25,1334816.80,EGRESO,CHEQUE,ELECTRONICO,Servicios contratados,Argentina,
AR003,2026-03-26,287664.07,INGRESO,CHEQUE,ELECTRONICO,Cliente minorista,Argentina,
AR005,2026-03-26,28050.00,EGRESO,TRANSFERENCIA,ELECTRONICO,Cliente minorista,Argentina,
AR007,2026-03-26,881776.95,EGRESO,TRANSFERENCIA,ELECTRONICO,Cliente minorista,Argentina,
AR008,2026-03-26,63991.99,INGRESO,TRANSFERENCIA,ELECTRONICO,Servicios contratados,Argentina,
AR009,2026-03-26,115244.12,INGRESO,TRANSFERENCIA,ELECTRONICO,Cobro de honorarios,Argentina,
AR014,2026-03-26,568667.18,EGRESO,TRANSFERENCIA,ELECTRONICO,Cobro de honorarios,Argentina,
AR014,2026-03-26,746267.11,EGRESO,TRANSFERENCIA,ELECTRONICO,Cobro de honorarios,Argentina,
AR019,2026-03-26,402016.90,EGRESO,CHEQUE,ELECTRONICO,Cliente minorista,Argentina,
AR026,2026-03-26,3727653.88,EGRESO,EFECTIVO,PRESENCIAL,Cliente minorista,Argentina,
AR001,2026-03-27,297946.46,INGRESO,CHEQUE,ELECTRONICO,Cobro de honorarios,Argentina,
AR004,2026-03-27,135709.71,INGRESO,EFECTIVO,PRESENCIAL,Cobro de honorarios,Argentina,
AR006,2026-03-27,298916.22,EGRESO,TRANSFERENCIA,ELECTRONICO,Cliente minorista,Argentina,
AR010,2026-03-27,118528.00,INGRESO,TRANSFERENCIA,ELECTRONICO,Cobro de honorarios,Argentina,
AR019,2026-03-27,433073.49,INGRESO,EFECTIVO,PRESENCIAL,Servicios contratados,Argentina,
AR027,2026-03-27,7703334.95,EGRESO,CHEQUE,ELECTRONICO,Servicios contratados,Argentina,
AR028,2026-03-27,1727702.35,EGRESO,TRANSFERENCIA,ELECTRONICO,Cliente minorista,Argentina,
AR032,2026-03-27,1550213.89,INGRESO,TRANSFERENCIA,ELECTRONICO,Proveedor local,Argentina,
AR005,2026-03-28,44876.06,INGRESO,CHEQUE,ELECTRONICO,Proveedor local,Argentina,
AR009,2026-03-28,101765.17,INGRESO,TRANSFERENCIA,ELECTRONICO,Importador,Brasil,
AR011,2026-03-28,170438.31,INGRESO,CHEQUE,ELECTRONICO,Cobro de honorarios,Argentina,
AR028,2026-03-28,820624.30,EGRESO,TRANSFERENCIA,ELECTRONICO,Mayorista del rubro,Argentina,
AR028,2026-03-28,1053257.45,INGRESO,TRANSFERENCIA,ELECTRONICO,Cobro de honorarios,Argentina,
AR010,2026-03-29,138064.19,EGRESO,TRANSFERENCIA,ELECTRONICO,Cobro de honorarios,Argentina,
AR015,2026-03-29,505625.62,EGRESO,TRANSFERENCIA,ELECTRONICO,Cliente minorista,Argentina,
AR021,2026-03-29,486280.00,INGRESO,TRANSFERENCIA,ELECTRONICO,Cliente minorista,Argentina,
AR021,2026-03-29,294186.52,INGRESO,CHEQUE,ELECTRONICO,Proveedor local,Argentina,
AR025,2026-03-29,1410433.51,INGRESO,TRANSFERENCIA,ELECTRONICO,Proveedor local,Argentina,
AR026,2026-03-29,3821640.42,INGRESO,TRANSFERENCIA,ELECTRONICO,Cliente minorista,Argentina,
AR029,2026-03-29,2330067.89,INGRESO,CHEQUE,ELECTRONICO,Proveedor local,Argentina,
AR005,2026-03-30,58697.28,EGRESO,TRANSFERENCIA,ELECTRONICO,Cobro de honorarios,Argentina,
AR009,2026-03-30,84979.05,EGRESO,EFECTIVO,PRESENCIAL,Cliente minorista,Argentina,
AR012,2026-03-30,1035636.93,INGRESO,TRANSFERENCIA,ELECTRONICO,Servicios contratados,Argentina,
AR014,2026-03-30,1087757.56,INGRESO,TRANSFERENCIA,ELECTRONICO,Transferencia recibida,Argentina,
AR015,2026-03-30,518079.90,INGRESO,EFECTIVO,PRESENCIAL,Cobro de honorarios,Argentina,
AR016,2026-03-30,744025.01,EGRESO,EFECTIVO,PRESENCIAL,Cobro de honorarios,Argentina,
AR017,2026-03-30,251245.15,INGRESO,EFECTIVO,PRESENCIAL,Transferencia recibida,Argentina,
AR025,2026-03-30,1872306.01,EGRESO,TRANSFERENCIA,ELECTRONICO,Cobro de honorarios,Argentina,
AR028,2026-03-30,1035015.69,INGRESO,TRANSFERENCIA,ELECTRONICO,Cobro de honorarios,Argentina,
AR002,2026-03-31,136810.45,INGRESO,TRANSFERENCIA,ELECTRONICO,Comitente,Uruguay,
AR003,2026-03-31,284321.88,EGRESO,CHEQUE,ELECTRONICO,Servicios contratados,Argentina,
AR003,2026-03-31,289177.73,INGRESO,CHEQUE,ELECTRONICO,Importador,Brasil,
AR005,2026-03-31,37755.33,INGRESO,TRANSFERENCIA,ELECTRONICO,Proveedor local,Argentina,
AR018,2026-03-31,155728.23,EGRESO,CHEQUE,ELECTRONICO,Transferencia recibida,Argentina,
AR022,2026-03-31,85950.83,INGRESO,EFECTIVO,PRESENCIAL,Comitente,Uruguay,
AR026,2026-03-31,3017912.14,EGRESO,TRANSFERENCIA,ELECTRONICO,Proveedor local,Argentina,
AR029,2026-03-31,2009622.30,INGRESO,TRANSFERENCIA,ELECTRONICO,Proveedor local,Argentina,
AR030,2026-03-31,4878640.51,INGRESO,TRANSFERENCIA,ELECTRONICO,Cobro de honorarios,Argentina,
AR034,2026-03-31,6864040.50,EGRESO,TRANSFERENCIA,ELECTRONICO,Servicios contratados,Argentina,
AR003,2026-04-01,268755.88,INGRESO,EFECTIVO,PRESENCIAL,Cobro de honorarios,Argentina,
AR007,2026-04-01,828203.17,INGRESO,TRANSFERENCIA,ELECTRONICO,Proveedor,Chile,
AR009,2026-04-01,103655.14,INGRESO,TRANSFERENCIA,ELECTRONICO,Proveedor local,Argentina,
AR027,2026-04-01,7439765.71,EGRESO,TRANSFERENCIA,ELECTRONICO,Cobro de honorarios,Argentina,
AR035,2026-04-01,2318897.95,INGRESO,TRANSFERENCIA,ELECTRONICO,Mayorista del rubro,Argentina,
AR009,2026-04-02,130167.11,INGRESO,CHEQUE,ELECTRONICO,Servicios contratados,Argentina,
AR023,2026-04-02,2489754.63,INGRESO,TRANSFERENCIA,ELECTRONICO,Proveedor local,Argentina,
AR026,2026-04-02,2727725.37,EGRESO,EFECTIVO,PRESENCIAL,Mayorista del rubro,Argentina,
AR031,2026-04-02,3340425.91,INGRESO,TRANSFERENCIA,ELECTRONICO,Servicios contratados,Argentina,
AR032,2026-04-02,1014883.56,EGRESO,TRANSFERENCIA,ELECTRONICO,Cliente minorista,Argentina,
AR033,2026-04-02,2259024.92,EGRESO,TRANSFERENCIA,ELECTRONICO,Cliente minorista,Argentina,
AR035,2026-04-02,1585652.06,INGRESO,TRANSFERENCIA,ELECTRONICO,Cobro de honorarios,Argentina,
AR003,2026-04-03,247029.07,EGRESO,CHEQUE,ELECTRONICO,Comitente,Uruguay,
AR006,2026-04-04,329160.32,EGRESO,TRANSFERENCIA,ELECTRONICO,Cliente minorista,Argentina,
AR007,2026-04-04,847911.82,INGRESO,TRANSFERENCIA,ELECTRONICO,Cobro de honorarios,Argentina,
AR008,2026-04-04,134829.36,INGRESO,CHEQUE,ELECTRONICO,Proveedor local,Argentina,
AR009,2026-04-04,67877.44,INGRESO,TRANSFERENCIA,ELECTRONICO,Servicios contratados,Argentina,
AR011,2026-04-04,187980.62,INGRESO,TRANSFERENCIA,ELECTRONICO,Proveedor local,Argentina,
AR014,2026-04-04,1171197.35,INGRESO,EFECTIVO,PRESENCIAL,Cliente minorista,Argentina,
AR016,2026-04-04,870463.08,INGRESO,EFECTIVO,PRESENCIAL,Cliente minorista,Argentina,
AR016,2026-04-04,1104238.18,EGRESO,EFECTIVO,PRESENCIAL,Cliente minorista,Argentina,
AR021,2026-04-04,526281.17,INGRESO,TRANSFERENCIA,ELECTRONICO,Transferencia recibida,Argentina,
AR021,2026-04-04,243386.81,INGRESO,TRANSFERENCIA,ELECTRONICO,Cobro de honorarios,Argentina,
AR028,2026-04-04,1624314.78,EGRESO,CHEQUE,ELECTRONICO,Mayorista del rubro,Argentina,
AR029,2026-04-04,2051121.80,INGRESO,TRANSFERENCIA,ELECTRONICO,Cliente minorista,Argentina,
AR005,2026-04-05,36250.75,INGRESO,TRANSFERENCIA,ELECTRONICO,Importador,Brasil,
AR015,2026-04-05,601074.57,INGRESO,TRANSFERENCIA,ELECTRONICO,Mayorista del rubro,Argentina,
AR020,2026-04-05,96235.10,INGRESO,TRANSFERENCIA,ELECTRONICO,Proveedor local,Argentina,
AR022,2026-04-05,63729.18,INGRESO,TRANSFERENCIA,ELECTRONICO,Proveedor local,Argentina,
AR022,2026-04-05,58679.80,INGRESO,CHEQUE,ELECTRONICO,Proveedor local,Argentina,
AR024,2026-04-05,442246.80,EGRESO,TRANSFERENCIA,ELECTRONICO,Servicios contratados,Argentina,
AR024,2026-04-05,469876.71,EGRESO,CHEQUE,ELECTRONICO,Mayorista del rubro,Argentina,
AR028,2026-04-05,1193189.37,INGRESO,TRANSFERENCIA,ELECTRONICO,Transferencia recibida,Argentina,
AR028,2026-04-05,890505.07,EGRESO,EFECTIVO,PRESENCIAL,Proveedor local,Argentina,
AR029,2026-04-05,1334322.83,INGRESO,TRANSFERENCIA,ELECTRONICO,Servicios contratados,Argentina,
AR031,2026-04-05,2275476.62,EGRESO,CHEQUE,ELECTRONICO,Mayorista del rubro,Argentina,
AR034,2026-04-05,6514828.30,INGRESO,CHEQUE,ELECTRONICO,Cobro de honorarios,Argentina,
AR003,2026-04-06,238703.44,INGRESO,TRANSFERENCIA,ELECTRONICO,Cobro de honorarios,Argentina,
AR005,2026-04-06,27977.92,INGRESO,TRANSFERENCIA,ELECTRONICO,Transferencia recibida,Argentina,
AR005,2026-04-06,46197.63,EGRESO,CHEQUE,ELECTRONICO,Servicios contratados,Argentina,
AR005,2026-04-06,29664.88,EGRESO,EFECTIVO,PRESENCIAL,Servicios contratados,Argentina,
AR010,2026-04-06,161611.66,EGRESO,CHEQUE,ELECTRONICO,Servicios contratados,Argentina,
AR018,2026-04-06,262539.69,INGRESO,CHEQUE,ELECTRONICO,Cliente minorista,Argentina,
AR020,2026-04-06,196175.34,EGRESO,CHEQUE,ELECTRONICO,Cliente minorista,Argentina,
AR034,2026-04-06,9833471.64,INGRESO,TRANSFERENCIA,ELECTRONICO,Proveedor local,Argentina,
AR034,2026-04-06,7273041.03,EGRESO,EFECTIVO,PRESENCIAL,Cobro de honorarios,Argentina,
AR001,2026-04-07,251709.53,INGRESO,CHEQUE,ELECTRONICO,Servicios contratados,Argentina,
AR003,2026-04-07,189885.40,EGRESO,TRANSFERENCIA,ELECTRONICO,Cobro de honorarios,Argentina,
AR012,2026-04-07,1463489.52,EGRESO,TRANSFERENCIA,ELECTRONICO,Proveedor local,Argentina,
AR012,2026-04-07,1821444.93,INGRESO,CHEQUE,ELECTRONICO,Transferencia recibida,Argentina,
AR017,2026-04-07,237449.88,EGRESO,TRANSFERENCIA,ELECTRONICO,Importador,Brasil,
AR025,2026-04-07,1546863.63,INGRESO,TRANSFERENCIA,ELECTRONICO,Mayorista del rubro,Argentina,
AR004,2026-04-08,190668.70,INGRESO,TRANSFERENCIA,ELECTRONICO,Cobro de honorarios,Argentina,
AR005,2026-04-08,54794.44,INGRESO,EFECTIVO,PRESENCIAL,Mayorista del rubro,Argentina,
AR007,2026-04-08,1086423.42,EGRESO,TRANSFERENCIA,ELECTRONICO,Proveedor local,Argentina,
AR010,2026-04-08,116471.93,INGRESO,TRANSFERENCIA,ELECTRONICO,Transferencia recibida,Argentina,
AR012,2026-04-08,2228883.42,INGRESO,TRANSFERENCIA,ELECTRONICO,Proveedor local,Argentina,
AR015,2026-04-08,907004.01,EGRESO,TRANSFERENCIA,ELECTRONICO,Cobro de honorarios,Argentina,
AR028,2026-04-08,1575750.20,INGRESO,CHEQUE,ELECTRONICO,Transferencia recibida,Argentina,
AR029,2026-04-08,2130016.65,EGRESO,TRANSFERENCIA,ELECTRONICO,Transferencia recibida,Argentina,
AR031,2026-04-08,2311212.89,INGRESO,TRANSFERENCIA,ELECTRONICO,Cliente minorista,Argentina,
AR003,2026-04-09,228010.20,EGRESO,EFECTIVO,PRESENCIAL,Cobro de honorarios,Argentina,
AR007,2026-04-09,741601.47,INGRESO,TRANSFERENCIA,ELECTRONICO,Cobro de honorarios,Argentina,
AR016,2026-04-09,637670.63,INGRESO,TRANSFERENCIA,ELECTRONICO,Transferencia recibida,Argentina,
AR019,2026-04-09,451598.12,INGRESO,TRANSFERENCIA,ELECTRONICO,Mayorista del rubro,Argentina,
AR035,2026-04-09,1597219.70,EGRESO,TRANSFERENCIA,ELECTRONICO,Mayorista del rubro,Argentina,
AR006,2026-04-10,273827.77,EGRESO,TRANSFERENCIA,ELECTRONICO,Cliente minorista,Argentina,
AR008,2026-04-10,108570.26,INGRESO,CHEQUE,ELECTRONICO,Servicios contratados,Argentina,
AR009,2026-04-10,127038.76,EGRESO,TRANSFERENCIA,ELECTRONICO,Transferencia recibida,Argentina,
AR010,2026-04-10,81865.55,INGRESO,EFECTIVO,PRESENCIAL,Cliente minorista,Argentina,
AR011,2026-04-10,161399.15,INGRESO,TRANSFERENCIA,ELECTRONICO,Servicios contratados,Argentina,
AR013,2026-04-10,2708827.56,INGRESO,TRANSFERENCIA,ELECTRONICO,Servicios contratados,Argentina,
AR017,2026-04-10,354709.84,INGRESO,CHEQUE,ELECTRONICO,Proveedor local,Argentina,
AR017,2026-04-10,252791.34,INGRESO,TRANSFERENCIA,ELECTRONICO,Servicios contratados,Argentina,
AR021,2026-04-10,382069.39,INGRESO,TRANSFERENCIA,ELECTRONICO,Servicios contratados,Argentina,
AR032,2026-04-10,1648557.53,EGRESO,CHEQUE,ELECTRONICO,Proveedor local,Argentina,
AR033,2026-04-10,2986852.42,INGRESO,TRANSFERENCIA,ELECTRONICO,Cobro de honorarios,Argentina,
AR033,2026-04-10,1733951.94,EGRESO,TRANSFERENCIA,ELECTRONICO,Servicios contratados,Argentina,
AR002,2026-04-11,251548.56,INGRESO,TRANSFERENCIA,ELECTRONICO,Proveedor local,Argentina,
AR006,2026-04-11,405438.18,INGRESO,TRANSFERENCIA,ELECTRONICO,Transferencia recibida,Argentina,
AR014,2026-04-11,1186384.85,EGRESO,TRANSFERENCIA,ELECTRONICO,Transferencia recibida,Argentina,
AR015,2026-04-11,933693.32,INGRESO,TRANSFERENCIA,ELECTRONICO,Proveedor local,Argentina,
AR015,2026-04-11,703229.75,INGRESO,TRANSFERENCIA,ELECTRONICO,Cobro de honorarios,Argentina,
AR021,2026-04-11,243114.98,EGRESO,EFECTIVO,PRESENCIAL,Mayorista del rubro,Argentina,
AR026,2026-04-11,3423895.80,INGRESO,TRANSFERENCIA,ELECTRONICO,Servicios contratados,Argentina,
AR028,2026-04-11,1443151.99,INGRESO,TRANSFERENCIA,ELECTRONICO,Servicios contratados,Argentina,
AR002,2026-04-12,263214.52,EGRESO,TRANSFERENCIA,ELECTRONICO,Servicios contratados,Argentina,
AR004,2026-04-12,145755.22,EGRESO,TRANSFERENCIA,ELECTRONICO,Mayorista del rubro,Argentina,
AR006,2026-04-12,420962.68,INGRESO,TRANSFERENCIA,ELECTRONICO,Mayorista del rubro,Argentina,
AR010,2026-04-12,93327.95,INGRESO,TRANSFERENCIA,ELECTRONICO,Cobro de honorarios,Argentina,
AR014,2026-04-12,631218.58,INGRESO,TRANSFERENCIA,ELECTRONICO,Proveedor local,Argentina,
AR017,2026-04-12,333735.32,INGRESO,CHEQUE,ELECTRONICO,Transferencia recibida,Argentina,
AR018,2026-04-12,150663.68,EGRESO,TRANSFERENCIA,ELECTRONICO,Servicios contratados,Argentina,
AR019,2026-04-12,365809.10,EGRESO,CHEQUE,ELECTRONICO,Servicios contratados,Argentina,
AR020,2026-04-12,122818.36,INGRESO,TRANSFERENCIA,ELECTRONICO,Transferencia recibida,Argentina,
AR023,2026-04-12,2671291.73,INGRESO,EFECTIVO,PRESENCIAL,Proveedor local,Argentina,
AR006,2026-04-13,243885.97,EGRESO,CHEQUE,ELECTRONICO,Transferencia recibida,Argentina,
AR021,2026-04-13,255033.32,INGRESO,CHEQUE,ELECTRONICO,Proveedor local,Argentina,
AR026,2026-04-13,4707388.20,INGRESO,TRANSFERENCIA,ELECTRONICO,Proveedor local,Argentina,
AR031,2026-04-13,3683627.70,INGRESO,TRANSFERENCIA,ELECTRONICO,Mayorista del rubro,Argentina,
AR032,2026-04-13,1228288.80,INGRESO,TRANSFERENCIA,ELECTRONICO,Proveedor local,Argentina,
AR034,2026-04-13,4366120.45,EGRESO,TRANSFERENCIA,ELECTRONICO,Importador,Brasil,
AR003,2026-04-14,202009.89,INGRESO,TRANSFERENCIA,ELECTRONICO,Cobro de honorarios,Argentina,
AR008,2026-04-14,132606.77,INGRESO,CHEQUE,ELECTRONICO,Transferencia recibida,Argentina,
AR010,2026-04-14,113095.30,INGRESO,EFECTIVO,PRESENCIAL,Proveedor local,Argentina,
AR010,2026-04-14,97697.18,EGRESO,EFECTIVO,PRESENCIAL,Servicios contratados,Argentina,
AR014,2026-04-14,832927.84,EGRESO,TRANSFERENCIA,ELECTRONICO,Proveedor local,Argentina,
AR019,2026-04-14,526145.05,INGRESO,TRANSFERENCIA,ELECTRONICO,Transferencia recibida,Argentina,
AR028,2026-04-14,908538.15,EGRESO,TRANSFERENCIA,ELECTRONICO,Servicios contratados,Argentina,
AR032,2026-04-14,981677.28,INGRESO,TRANSFERENCIA,ELECTRONICO,Transferencia recibida,Argentina,
AR012,2026-04-15,2252109.66,EGRESO,TRANSFERENCIA,ELECTRONICO,Comitente,Uruguay,
AR015,2026-04-15,592650.77,EGRESO,TRANSFERENCIA,ELECTRONICO,Servicios contratados,Argentina,
AR019,2026-04-15,490642.80,INGRESO,TRANSFERENCIA,ELECTRONICO,Mayorista del rubro,Argentina,
AR022,2026-04-15,92390.23,EGRESO,TRANSFERENCIA,ELECTRONICO,Transferencia recibida,Argentina,
AR023,2026-04-15,2612980.08,INGRESO,TRANSFERENCIA,ELECTRONICO,Mayorista del rubro,Argentina,
AR029,2026-04-15,1342488.91,INGRESO,TRANSFERENCIA,ELECTRONICO,Cobro de honorarios,Argentina,
AR032,2026-04-15,1375825.75,EGRESO,TRANSFERENCIA,ELECTRONICO,Proveedor local,Argentina,
AR021,2026-04-16,344076.73,INGRESO,TRANSFERENCIA,ELECTRONICO,Proveedor local,Argentina,
AR027,2026-04-16,8320691.20,EGRESO,CHEQUE,ELECTRONICO,Proveedor local,Argentina,
AR032,2026-04-16,956652.23,INGRESO,CHEQUE,ELECTRONICO,Proveedor local,Argentina,
AR001,2026-04-17,324531.16,EGRESO,CHEQUE,ELECTRONICO,Proveedor local,Argentina,
AR005,2026-04-17,49501.84,EGRESO,TRANSFERENCIA,ELECTRONICO,Cliente minorista,Argentina,
AR008,2026-04-17,128480.52,INGRESO,TRANSFERENCIA,ELECTRONICO,Importador,Brasil,
AR008,2026-04-17,121111.28,EGRESO,CHEQUE,ELECTRONICO,Proveedor local,Argentina,
AR008,2026-04-17,129358.32,EGRESO,EFECTIVO,PRESENCIAL,Cliente minorista,Argentina,
AR019,2026-04-17,432904.33,INGRESO,TRANSFERENCIA,ELECTRONICO,Proveedor local,Argentina,
AR026,2026-04-17,4892352.51,INGRESO,TRANSFERENCIA,ELECTRONICO,Mayorista del rubro,Argentina,
AR031,2026-04-17,3667640.21,INGRESO,TRANSFERENCIA,ELECTRONICO,Cobro de honorarios,Argentina,
AR007,2026-04-18,707643.81,INGRESO,TRANSFERENCIA,ELECTRONICO,Cobro de honorarios,Argentina,
AR016,2026-04-18,536273.44,INGRESO,TRANSFERENCIA,ELECTRONICO,Mayorista del rubro,Argentina,
AR022,2026-04-18,48472.99,INGRESO,TRANSFERENCIA,ELECTRONICO,Proveedor local,Argentina,
AR023,2026-04-18,1952015.05,EGRESO,CHEQUE,ELECTRONICO,Servicios contratados,Argentina,
AR027,2026-04-18,6388881.20,INGRESO,CHEQUE,ELECTRONICO,Cobro de honorarios,Argentina,
AR033,2026-04-18,1553677.72,EGRESO,TRANSFERENCIA,ELECTRONICO,Cobro de honorarios,Argentina,
AR002,2026-04-19,269046.08,INGRESO,TRANSFERENCIA,ELECTRONICO,Cliente minorista,Argentina,
AR002,2026-04-19,297641.88,INGRESO,CHEQUE,ELECTRONICO,Cobro de honorarios,Argentina,
AR003,2026-04-19,269924.98,INGRESO,TRANSFERENCIA,ELECTRONICO,Transferencia recibida,Argentina,
AR008,2026-04-19,99025.03,EGRESO,EFECTIVO,PRESENCIAL,Cliente minorista,Argentina,
AR011,2026-04-19,133775.71,EGRESO,TRANSFERENCIA,ELECTRONICO,Cobro de honorarios,Argentina,
AR003,2026-04-20,225843.65,INGRESO,EFECTIVO,PRESENCIAL,Mayorista del rubro,Argentina,
AR004,2026-04-20,124138.86,EGRESO,CHEQUE,ELECTRONICO,Proveedor local,Argentina,
AR010,2026-04-20,155033.57,INGRESO,TRANSFERENCIA,ELECTRONICO,Servicios contratados,Argentina,
AR015,2026-04-20,684217.93,INGRESO,CHEQUE,ELECTRONICO,Cobro de honorarios,Argentina,
AR020,2026-04-20,183702.52,INGRESO,TRANSFERENCIA,ELECTRONICO,Cliente minorista,Argentina,
AR021,2026-04-20,460569.02,EGRESO,EFECTIVO,PRESENCIAL,Importador,Brasil,
AR030,2026-04-20,3340157.97,INGRESO,CHEQUE,ELECTRONICO,Cliente minorista,Argentina,
AR005,2026-04-21,38852.39,INGRESO,EFECTIVO,PRESENCIAL,Proveedor local,Argentina,
AR022,2026-04-21,93559.58,INGRESO,TRANSFERENCIA,ELECTRONICO,Servicios contratados,Argentina,
AR026,2026-04-21,3460971.17,INGRESO,CHEQUE,ELECTRONICO,Proveedor local,Argentina,
AR032,2026-04-21,859327.92,INGRESO,TRANSFERENCIA,ELECTRONICO,Cliente minorista,Argentina,
AR001,2026-04-22,286167.37,INGRESO,TRANSFERENCIA,ELECTRONICO,Cliente minorista,Argentina,
AR004,2026-04-22,217962.69,INGRESO,CHEQUE,ELECTRONICO,Cliente minorista,Argentina,
AR014,2026-04-22,795792.10,INGRESO,TRANSFERENCIA,ELECTRONICO,Cobro de honorarios,Argentina,
AR019,2026-04-22,503661.77,INGRESO,TRANSFERENCIA,ELECTRONICO,Cliente minorista,Argentina,
AR021,2026-04-22,493408.36,INGRESO,EFECTIVO,PRESENCIAL,Cobro de honorarios,Argentina,
AR022,2026-04-22,93481.82,INGRESO,EFECTIVO,PRESENCIAL,Proveedor local,Argentina,
AR025,2026-04-22,2565817.70,INGRESO,CHEQUE,ELECTRONICO,Cliente minorista,Argentina,
AR032,2026-04-22,1522193.80,EGRESO,EFECTIVO,PRESENCIAL,Mayorista del rubro,Argentina,
AR004,2026-04-23,113522.96,EGRESO,TRANSFERENCIA,ELECTRONICO,Servicios contratados,Argentina,
AR006,2026-04-23,311269.13,INGRESO,TRANSFERENCIA,ELECTRONICO,Cliente minorista,Argentina,
AR007,2026-04-23,832442.06,EGRESO,TRANSFERENCIA,ELECTRONICO,Transferencia recibida,Argentina,
AR008,2026-04-23,134508.47,EGRESO,TRANSFERENCIA,ELECTRONICO,Proveedor local,Argentina,
AR013,2026-04-23,1504987.85,EGRESO,CHEQUE,ELECTRONICO,Mayorista del rubro,Argentina,
AR026,2026-04-23,2765023.21,EGRESO,TRANSFERENCIA,ELECTRONICO,Transferencia recibida,Argentina,
AR028,2026-04-23,978442.38,INGRESO,EFECTIVO,PRESENCIAL,Cliente minorista,Argentina,
AR029,2026-04-23,1530018.49,INGRESO,EFECTIVO,PRESENCIAL,Transferencia recibida,Argentina,
AR011,2026-04-24,154208.29,INGRESO,TRANSFERENCIA,ELECTRONICO,Servicios contratados,Argentina,
AR014,2026-04-24,973761.92,INGRESO,TRANSFERENCIA,ELECTRONICO,Transferencia recibida,Argentina,
AR014,2026-04-24,621260.61,INGRESO,TRANSFERENCIA,ELECTRONICO,Mayorista del rubro,Argentina,
AR015,2026-04-24,815740.73,EGRESO,TRANSFERENCIA,ELECTRONICO,Transferencia recibida,Argentina,
AR016,2026-04-24,626417.86,EGRESO,TRANSFERENCIA,ELECTRONICO,Mayorista del rubro,Argentina,
AR020,2026-04-24,171607.36,EGRESO,TRANSFERENCIA,ELECTRONICO,Comitente,Uruguay,
AR026,2026-04-24,3898265.47,INGRESO,TRANSFERENCIA,ELECTRONICO,Mayorista del rubro,Argentina,
AR026,2026-04-24,4494498.72,INGRESO,TRANSFERENCIA,ELECTRONICO,Cobro de honorarios,Argentina,
AR030,2026-04-24,4290455.11,EGRESO,CHEQUE,ELECTRONICO,Cobro de honorarios,Argentina,
AR035,2026-04-24,2244938.34,INGRESO,TRANSFERENCIA,ELECTRONICO,Mayorista del rubro,Argentina,
AR001,2026-04-25,279475.49,EGRESO,TRANSFERENCIA,ELECTRONICO,Cliente minorista,Argentina,
AR003,2026-04-25,129228.10,INGRESO,EFECTIVO,PRESENCIAL,Proveedor local,Argentina,
AR006,2026-04-25,346605.44,INGRESO,CHEQUE,ELECTRONICO,Cobro de honorarios,Argentina,
AR008,2026-04-25,93546.10,EGRESO,TRANSFERENCIA,ELECTRONICO,Servicios contratados,Argentina,
AR011,2026-04-25,163844.36,EGRESO,TRANSFERENCIA,ELECTRONICO,Cliente minorista,Argentina,
AR022,2026-04-25,65542.36,INGRESO,TRANSFERENCIA,ELECTRONICO,Proveedor local,Argentina,
AR030,2026-04-25,3494316.58,INGRESO,CHEQUE,ELECTRONICO,Cliente minorista,Argentina,
AR005,2026-04-26,43312.26,EGRESO,TRANSFERENCIA,ELECTRONICO,Transferencia recibida,Argentina,
AR007,2026-04-26,1205152.72,EGRESO,TRANSFERENCIA,ELECTRONICO,Cliente minorista,Argentina,
AR013,2026-04-26,1490754.51,INGRESO,CHEQUE,ELECTRONICO,Comitente,Uruguay,
AR016,2026-04-26,765275.68,INGRESO,TRANSFERENCIA,ELECTRONICO,Cobro de honorarios,Argentina,
AR024,2026-04-26,457837.22,INGRESO,CHEQUE,ELECTRONICO,Servicios contratados,Argentina,
AR006,2026-04-27,415886.52,INGRESO,CHEQUE,ELECTRONICO,Importador,Brasil,
AR015,2026-04-27,567067.67,EGRESO,TRANSFERENCIA,ELECTRONICO,Mayorista del rubro,Argentina,
AR016,2026-04-27,880576.53,INGRESO,CHEQUE,ELECTRONICO,Transferencia recibida,Argentina,
AR021,2026-04-27,246705.69,INGRESO,TRANSFERENCIA,ELECTRONICO,Mayorista del rubro,Argentina,
AR025,2026-04-27,2082007.94,EGRESO,CHEQUE,ELECTRONICO,Servicios contratados,Argentina,
AR001,2026-04-28,286918.34,INGRESO,TRANSFERENCIA,ELECTRONICO,Mayorista del rubro,Argentina,
AR004,2026-04-28,194372.17,INGRESO,CHEQUE,ELECTRONICO,Transferencia recibida,Argentina,
AR014,2026-04-28,940217.99,INGRESO,CHEQUE,ELECTRONICO,Proveedor local,Argentina,
AR016,2026-04-28,506967.01,INGRESO,EFECTIVO,PRESENCIAL,Servicios contratados,Argentina,
AR018,2026-04-28,175327.71,INGRESO,TRANSFERENCIA,ELECTRONICO,Servicios contratados,Argentina,
AR025,2026-04-28,2163191.38,INGRESO,TRANSFERENCIA,ELECTRONICO,Servicios contratados,Argentina,
AR027,2026-04-28,8910164.96,EGRESO,TRANSFERENCIA,ELECTRONICO,Cobro de honorarios,Argentina,
AR033,2026-04-28,1643598.93,INGRESO,TRANSFERENCIA,ELECTRONICO,Importador,Brasil,
AR005,2026-04-29,50719.14,INGRESO,TRANSFERENCIA,ELECTRONICO,Servicios contratados,Argentina,
AR019,2026-04-29,240274.85,EGRESO,CHEQUE,ELECTRONICO,Servicios contratados,Argentina,
AR020,2026-04-29,101556.63,INGRESO,EFECTIVO,PRESENCIAL,Servicios contratados,Argentina,
AR030,2026-04-29,4463053.31,EGRESO,TRANSFERENCIA,ELECTRONICO,Cobro de honorarios,Argentina,
AR002,2026-04-30,283103.65,EGRESO,TRANSFERENCIA,ELECTRONICO,Cliente minorista,Argentina,
AR004,2026-04-30,158095.36,INGRESO,TRANSFERENCIA,ELECTRONICO,Proveedor,Chile,
AR010,2026-04-30,78993.42,EGRESO,TRANSFERENCIA,ELECTRONICO,Mayorista del rubro,Argentina,
AR013,2026-04-30,2541173.52,INGRESO,TRANSFERENCIA,ELECTRONICO,Cobro de honorarios,Argentina,
AR018,2026-04-30,242991.61,INGRESO,EFECTIVO,PRESENCIAL,Servicios contratados,Argentina,
AR024,2026-04-30,253878.76,EGRESO,CHEQUE,ELECTRONICO,Servicios contratados,Argentina,
AR025,2026-04-30,2266593.99,INGRESO,CHEQUE,ELECTRONICO,Servicios contratados,Argentina,
AR028,2026-04-30,1622965.91,INGRESO,CHEQUE,ELECTRONICO,Cobro de honorarios,Argentina,
AR029,2026-04-30,1345510.98,EGRESO,TRANSFERENCIA,ELECTRONICO,Proveedor local,Argentina,
AR029,2026-04-30,1995990.53,EGRESO,CHEQUE,ELECTRONICO,Cliente minorista,Argentina,
AR033,2026-04-30,2004946.16,INGRESO,TRANSFERENCIA,ELECTRONICO,Mayorista del rubro,Argentina,
AR033,2026-04-30,2585666.24,INGRESO,CHEQUE,ELECTRONICO,Cobro de honorarios,Argentina,
AR002,2026-05-01,264915.49,EGRESO,TRANSFERENCIA,ELECTRONICO,Proveedor local,Argentina,
AR002,2026-05-01,250772.09,INGRESO,TRANSFERENCIA,ELECTRONICO,Mayorista del rubro,Argentina,
AR004,2026-05-01,219925.31,EGRESO,TRANSFERENCIA,ELECTRONICO,Cliente minorista,Argentina,
AR005,2026-05-01,29578.24,EGRESO,TRANSFERENCIA,ELECTRONICO,Transferencia recibida,Argentina,
AR005,2026-05-01,34260.75,INGRESO,EFECTIVO,PRESENCIAL,Cliente minorista,Argentina,
AR007,2026-05-01,598413.22,INGRESO,CHEQUE,ELECTRONICO,Mayorista del rubro,Argentina,
AR022,2026-05-01,62154.64,INGRESO,TRANSFERENCIA,ELECTRONICO,Proveedor local,Argentina,
AR023,2026-05-01,2584651.30,INGRESO,CHEQUE,ELECTRONICO,Transferencia recibida,Argentina,
AR006,2026-05-02,191045.57,INGRESO,CHEQUE,ELECTRONICO,Transferencia recibida,Argentina,
AR008,2026-05-02,72628.76,EGRESO,TRANSFERENCIA,ELECTRONICO,Cobro de honorarios,Argentina,
AR008,2026-05-02,140289.41,EGRESO,TRANSFERENCIA,ELECTRONICO,Servicios contratados,Argentina,
AR010,2026-05-02,118379.65,INGRESO,TRANSFERENCIA,ELECTRONICO,Mayorista del rubro,Argentina,
AR012,2026-05-02,1149296.01,INGRESO,CHEQUE,ELECTRONICO,Cliente minorista,Argentina,
AR012,2026-05-02,2048307.82,INGRESO,TRANSFERENCIA,ELECTRONICO,Servicios contratados,Argentina,
AR024,2026-05-02,222096.93,EGRESO,TRANSFERENCIA,ELECTRONICO,Transferencia recibida,Argentina,
AR029,2026-05-02,2158217.23,INGRESO,TRANSFERENCIA,ELECTRONICO,Transferencia recibida,Argentina,
AR007,2026-05-03,1066754.76,INGRESO,CHEQUE,ELECTRONICO,Transferencia recibida,Argentina,
AR017,2026-05-03,225687.25,INGRESO,TRANSFERENCIA,ELECTRONICO,Proveedor local,Argentina,
AR019,2026-05-03,516539.57,INGRESO,TRANSFERENCIA,ELECTRONICO,Mayorista del rubro,Argentina,
AR025,2026-05-03,1721402.21,EGRESO,TRANSFERENCIA,ELECTRONICO,Servicios contratados,Argentina,
AR030,2026-05-03,4821715.93,EGRESO,EFECTIVO,PRESENCIAL,Cobro de honorarios,Argentina,
AR032,2026-05-03,1095682.12,EGRESO,TRANSFERENCIA,ELECTRONICO,Cobro de honorarios,Argentina,
AR033,2026-05-03,2426353.95,INGRESO,CHEQUE,ELECTRONICO,Mayorista del rubro,Argentina,
AR010,2026-05-04,105651.08,INGRESO,EFECTIVO,PRESENCIAL,Servicios contratados,Argentina,
AR010,2026-05-04,107416.46,INGRESO,EFECTIVO,PRESENCIAL,Mayorista del rubro,Argentina,
AR015,2026-05-04,739787.55,INGRESO,TRANSFERENCIA,ELECTRONICO,Cliente minorista,Argentina,
AR021,2026-05-04,482107.60,INGRESO,CHEQUE,ELECTRONICO,Mayorista del rubro,Argentina,
AR021,2026-05-04,284535.80,INGRESO,TRANSFERENCIA,ELECTRONICO,Proveedor local,Argentina,
AR023,2026-05-04,2809163.11,EGRESO,TRANSFERENCIA,ELECTRONICO,Proveedor local,Argentina,
AR029,2026-05-04,1979377.94,EGRESO,TRANSFERENCIA,ELECTRONICO,Proveedor local,Argentina,
AR032,2026-05-04,1188180.76,INGRESO,TRANSFERENCIA,ELECTRONICO,Cobro de honorarios,Argentina,
AR001,2026-05-05,264777.55,EGRESO,TRANSFERENCIA,ELECTRONICO,Transferencia recibida,Argentina,
AR002,2026-05-05,149724.68,INGRESO,CHEQUE,ELECTRONICO,Mayorista del rubro,Argentina,
AR005,2026-05-05,43940.85,INGRESO,CHEQUE,ELECTRONICO,Cliente minorista,Argentina,
AR005,2026-05-05,50669.63,EGRESO,TRANSFERENCIA,ELECTRONICO,Transferencia recibida,Argentina,
AR007,2026-05-05,884689.87,EGRESO,TRANSFERENCIA,ELECTRONICO,Transferencia recibida,Argentina,
AR008,2026-05-05,139423.32,INGRESO,TRANSFERENCIA,ELECTRONICO,Transferencia recibida,Argentina,
AR017,2026-05-05,358688.50,INGRESO,TRANSFERENCIA,ELECTRONICO,Cliente minorista,Argentina,
AR017,2026-05-05,211149.19,EGRESO,EFECTIVO,PRESENCIAL,Transferencia recibida,Argentina,
AR019,2026-05-05,512948.08,INGRESO,CHEQUE,ELECTRONICO,Mayorista del rubro,Argentina,
AR020,2026-05-05,103197.36,INGRESO,TRANSFERENCIA,ELECTRONICO,Cliente minorista,Argentina,
AR021,2026-05-05,260604.76,INGRESO,EFECTIVO,PRESENCIAL,Servicios contratados,Argentina,
AR027,2026-05-05,11894638.15,EGRESO,TRANSFERENCIA,ELECTRONICO,Proveedor local,Argentina,
AR029,2026-05-05,1877523.89,EGRESO,TRANSFERENCIA,ELECTRONICO,Importador,Brasil,
AR031,2026-05-05,4001003.35,INGRESO,CHEQUE,ELECTRONICO,Mayorista del rubro,Argentina,
AR032,2026-05-05,1714129.22,INGRESO,CHEQUE,ELECTRONICO,Cliente minorista,Argentina,
AR027,2026-05-06,6259233.08,EGRESO,CHEQUE,ELECTRONICO,Servicios contratados,Argentina,
AR007,2026-05-07,593836.99,INGRESO,CHEQUE,ELECTRONICO,Servicios contratados,Argentina,
AR019,2026-05-07,421154.75,INGRESO,TRANSFERENCIA,ELECTRONICO,Comitente,Uruguay,
AR025,2026-05-07,2394792.83,INGRESO,TRANSFERENCIA,ELECTRONICO,Transferencia recibida,Argentina,
AR027,2026-05-07,12690377.03,INGRESO,CHEQUE,ELECTRONICO,Cobro de honorarios,Argentina,
AR027,2026-05-07,12272291.96,INGRESO,TRANSFERENCIA,ELECTRONICO,Cliente minorista,Argentina,
AR028,2026-05-07,986542.83,EGRESO,TRANSFERENCIA,ELECTRONICO,Importador,Brasil,
AR035,2026-05-07,2800038.80,INGRESO,CHEQUE,ELECTRONICO,Comitente,Uruguay,
AR003,2026-05-08,133296.21,EGRESO,CHEQUE,ELECTRONICO,Cliente minorista,Argentina,
AR005,2026-05-08,30417.52,EGRESO,TRANSFERENCIA,ELECTRONICO,Proveedor local,Argentina,
AR007,2026-05-08,1224580.41,EGRESO,TRANSFERENCIA,ELECTRONICO,Servicios contratados,Argentina,
AR028,2026-05-08,1487507.14,INGRESO,TRANSFERENCIA,ELECTRONICO,Transferencia recibida,Argentina,
AR032,2026-05-08,1348148.92,INGRESO,TRANSFERENCIA,ELECTRONICO,Proveedor local,Argentina,
AR033,2026-05-08,3458291.20,INGRESO,TRANSFERENCIA,ELECTRONICO,Servicios contratados,Argentina,
AR002,2026-05-09,218073.24,INGRESO,CHEQUE,ELECTRONICO,Cobro de honorarios,Argentina,
AR002,2026-05-09,208242.34,INGRESO,TRANSFERENCIA,ELECTRONICO,Mayorista del rubro,Argentina,
AR004,2026-05-09,205261.48,INGRESO,TRANSFERENCIA,ELECTRONICO,Cliente minorista,Argentina,
AR013,2026-05-09,2323915.77,EGRESO,TRANSFERENCIA,ELECTRONICO,Proveedor local,Argentina,
AR015,2026-05-09,513193.44,EGRESO,CHEQUE,ELECTRONICO,Cliente minorista,Argentina,
AR019,2026-05-09,273269.19,EGRESO,TRANSFERENCIA,ELECTRONICO,Transferencia recibida,Argentina,
AR003,2026-05-10,235484.22,INGRESO,TRANSFERENCIA,ELECTRONICO,Mayorista del rubro,Argentina,
AR012,2026-05-10,1546833.04,INGRESO,CHEQUE,ELECTRONICO,Cliente minorista,Argentina,
AR014,2026-05-10,800882.10,INGRESO,TRANSFERENCIA,ELECTRONICO,Cliente minorista,Argentina,
AR019,2026-05-10,379944.48,EGRESO,TRANSFERENCIA,ELECTRONICO,Cobro de honorarios,Argentina,
AR020,2026-05-10,211969.61,INGRESO,CHEQUE,ELECTRONICO,Transferencia recibida,Argentina,
AR022,2026-05-10,54669.60,INGRESO,CHEQUE,ELECTRONICO,Transferencia recibida,Argentina,
AR024,2026-05-10,358599.95,EGRESO,CHEQUE,ELECTRONICO,Proveedor,Chile,
AR031,2026-05-10,2934105.25,EGRESO,TRANSFERENCIA,ELECTRONICO,Mayorista del rubro,Argentina,
AR006,2026-05-11,260460.54,INGRESO,CHEQUE,ELECTRONICO,Transferencia recibida,Argentina,
AR006,2026-05-11,240901.03,INGRESO,TRANSFERENCIA,ELECTRONICO,Proveedor local,Argentina,
AR011,2026-05-11,278143.62,INGRESO,TRANSFERENCIA,ELECTRONICO,Cobro de honorarios,Argentina,
AR015,2026-05-11,543253.22,EGRESO,TRANSFERENCIA,ELECTRONICO,Proveedor local,Argentina,
AR016,2026-05-11,1052101.69,INGRESO,EFECTIVO,PRESENCIAL,Transferencia recibida,Argentina,
AR025,2026-05-11,2609927.02,INGRESO,CHEQUE,ELECTRONICO,Proveedor local,Argentina,
AR026,2026-05-11,2231283.28,EGRESO,CHEQUE,ELECTRONICO,Transferencia recibida,Argentina,
AR028,2026-05-11,1345933.02,INGRESO,CHEQUE,ELECTRONICO,Mayorista del rubro,Argentina,
AR031,2026-05-11,2220357.56,EGRESO,CHEQUE,ELECTRONICO,Transferencia recibida,Argentina,
AR032,2026-05-11,1180551.60,EGRESO,TRANSFERENCIA,ELECTRONICO,Mayorista del rubro,Argentina,
AR003,2026-05-12,142099.00,INGRESO,CHEQUE,ELECTRONICO,Mayorista del rubro,Argentina,
AR006,2026-05-12,383410.53,INGRESO,TRANSFERENCIA,ELECTRONICO,Proveedor local,Argentina,
AR009,2026-05-12,99274.89,EGRESO,TRANSFERENCIA,ELECTRONICO,Cliente minorista,Argentina,
AR009,2026-05-12,128511.48,INGRESO,TRANSFERENCIA,ELECTRONICO,Proveedor local,Argentina,
AR013,2026-05-12,2276197.95,EGRESO,TRANSFERENCIA,ELECTRONICO,Mayorista del rubro,Argentina,
AR021,2026-05-12,337092.10,INGRESO,TRANSFERENCIA,ELECTRONICO,Servicios contratados,Argentina,
AR026,2026-05-12,3516484.26,INGRESO,TRANSFERENCIA,ELECTRONICO,Cobro de honorarios,Argentina,
AR026,2026-05-12,2878660.71,INGRESO,CHEQUE,ELECTRONICO,Cobro de honorarios,Argentina,
AR030,2026-05-12,2890835.61,INGRESO,TRANSFERENCIA,ELECTRONICO,Cobro de honorarios,Argentina,
AR001,2026-05-13,194379.34,INGRESO,CHEQUE,ELECTRONICO,Mayorista del rubro,Argentina,
AR001,2026-05-13,350030.04,INGRESO,TRANSFERENCIA,ELECTRONICO,Servicios contratados,Argentina,
AR003,2026-05-13,291812.55,EGRESO,EFECTIVO,PRESENCIAL,Proveedor local,Argentina,
AR003,2026-05-13,238740.69,INGRESO,TRANSFERENCIA,ELECTRONICO,Servicios contratados,Argentina,
AR011,2026-05-13,212581.03,INGRESO,TRANSFERENCIA,ELECTRONICO,Cliente minorista,Argentina,
AR014,2026-05-13,1152310.59,INGRESO,TRANSFERENCIA,ELECTRONICO,Transferencia recibida,Argentina,
AR015,2026-05-13,920514.94,INGRESO,TRANSFERENCIA,ELECTRONICO,Cliente minorista,Argentina,
AR017,2026-05-13,211487.57,INGRESO,TRANSFERENCIA,ELECTRONICO,Proveedor,Chile,
AR022,2026-05-13,48328.23,INGRESO,TRANSFERENCIA,ELECTRONICO,Proveedor local,Argentina,
AR029,2026-05-13,1699746.89,INGRESO,CHEQUE,ELECTRONICO,Cobro de honorarios,Argentina,
AR034,2026-05-13,5034710.23,INGRESO,CHEQUE,ELECTRONICO,Cobro de honorarios,Argentina,
AR004,2026-05-14,103269.58,EGRESO,EFECTIVO,PRESENCIAL,Mayorista del rubro,Argentina,
AR008,2026-05-14,69399.67,EGRESO,TRANSFERENCIA,ELECTRONICO,Cliente minorista,Argentina,
AR015,2026-05-14,792235.76,INGRESO,EFECTIVO,PRESENCIAL,Servicios contratados,Argentina,
AR016,2026-05-14,918148.93,INGRESO,CHEQUE,ELECTRONICO,Cliente minorista,Argentina,
AR020,2026-05-14,106312.34,EGRESO,TRANSFERENCIA,ELECTRONICO,Proveedor local,Argentina,
AR021,2026-05-14,338988.62,INGRESO,EFECTIVO,PRESENCIAL,Servicios contratados,Argentina,
AR028,2026-05-14,1419913.30,INGRESO,CHEQUE,ELECTRONICO,Cliente minorista,Argentina,
AR033,2026-05-14,1934759.35,INGRESO,TRANSFERENCIA,ELECTRONICO,Cobro de honorarios,Argentina,
AR004,2026-05-15,97049.60,INGRESO,EFECTIVO,PRESENCIAL,Proveedor local,Argentina,
AR005,2026-05-15,47642.85,INGRESO,TRANSFERENCIA,ELECTRONICO,Proveedor local,Argentina,
AR008,2026-05-15,66828.43,INGRESO,EFECTIVO,PRESENCIAL,Mayorista del rubro,Argentina,
AR023,2026-05-15,2536406.45,EGRESO,TRANSFERENCIA,ELECTRONICO,Mayorista del rubro,Argentina,
AR025,2026-05-15,1413351.74,INGRESO,TRANSFERENCIA,ELECTRONICO,Cobro de honorarios,Argentina,
AR030,2026-05-15,4881063.42,EGRESO,TRANSFERENCIA,ELECTRONICO,Proveedor local,Argentina,
AR009,2026-05-16,101969.37,INGRESO,TRANSFERENCIA,ELECTRONICO,Proveedor local,Argentina,
AR010,2026-05-16,123297.91,EGRESO,EFECTIVO,PRESENCIAL,Servicios contratados,Argentina,
AR013,2026-05-16,1926349.11,INGRESO,TRANSFERENCIA,ELECTRONICO,Transferencia recibida,Argentina,
AR018,2026-05-16,224988.18,INGRESO,TRANSFERENCIA,ELECTRONICO,Transferencia recibida,Argentina,
AR026,2026-05-16,4541751.32,EGRESO,TRANSFERENCIA,ELECTRONICO,Proveedor local,Argentina,
AR026,2026-05-16,2961600.10,INGRESO,CHEQUE,ELECTRONICO,Mayorista del rubro,Argentina,
AR029,2026-05-16,1935275.73,INGRESO,TRANSFERENCIA,ELECTRONICO,Cliente minorista,Argentina,
AR034,2026-05-16,9881968.13,INGRESO,CHEQUE,ELECTRONICO,Proveedor local,Argentina,
AR003,2026-05-17,289460.86,INGRESO,TRANSFERENCIA,ELECTRONICO,Cobro de honorarios,Argentina,
AR007,2026-05-17,1192763.20,EGRESO,TRANSFERENCIA,ELECTRONICO,Transferencia recibida,Argentina,
AR010,2026-05-17,170449.82,INGRESO,EFECTIVO,PRESENCIAL,Cobro de honorarios,Argentina,
AR011,2026-05-17,273789.36,EGRESO,TRANSFERENCIA,ELECTRONICO,Mayorista del rubro,Argentina,
AR015,2026-05-17,798422.99,INGRESO,CHEQUE,ELECTRONICO,Cliente minorista,Argentina,
AR010,2026-05-18,82406.13,INGRESO,CHEQUE,ELECTRONICO,Transferencia recibida,Argentina,
AR012,2026-05-18,2060092.72,INGRESO,TRANSFERENCIA,ELECTRONICO,Cobro de honorarios,Argentina,
AR016,2026-05-18,888270.15,INGRESO,CHEQUE,ELECTRONICO,Importador,Brasil,
AR019,2026-05-18,503523.09,INGRESO,CHEQUE,ELECTRONICO,Servicios contratados,Argentina,
AR026,2026-05-18,4774658.74,INGRESO,CHEQUE,ELECTRONICO,Proveedor local,Argentina,
AR004,2026-05-19,167211.55,EGRESO,CHEQUE,ELECTRONICO,Cobro de honorarios,Argentina,
AR009,2026-05-19,69905.83,INGRESO,CHEQUE,ELECTRONICO,Transferencia recibida,Argentina,
AR011,2026-05-19,287200.30,INGRESO,EFECTIVO,PRESENCIAL,Cobro de honorarios,Argentina,
AR016,2026-05-19,815012.67,EGRESO,TRANSFERENCIA,ELECTRONICO,Cobro de honorarios,Argentina,
AR018,2026-05-19,253209.20,INGRESO,EFECTIVO,PRESENCIAL,Cobro de honorarios,Argentina,
AR021,2026-05-19,247317.23,INGRESO,TRANSFERENCIA,ELECTRONICO,Cliente minorista,Argentina,
AR026,2026-05-19,2852390.09,EGRESO,CHEQUE,ELECTRONICO,Mayorista del rubro,Argentina,
AR028,2026-05-19,804294.65,INGRESO,CHEQUE,ELECTRONICO,Servicios contratados,Argentina,
AR033,2026-05-19,2802329.31,INGRESO,TRANSFERENCIA,ELECTRONICO,Proveedor local,Argentina,
AR004,2026-05-20,139709.82,INGRESO,TRANSFERENCIA,ELECTRONICO,Proveedor local,Argentina,
AR010,2026-05-20,122471.22,INGRESO,TRANSFERENCIA,ELECTRONICO,Proveedor local,Argentina,
AR014,2026-05-20,757965.31,INGRESO,CHEQUE,ELECTRONICO,Servicios contratados,Argentina,
AR014,2026-05-20,740097.52,INGRESO,TRANSFERENCIA,ELECTRONICO,Proveedor local,Argentina,
AR016,2026-05-20,959285.19,INGRESO,CHEQUE,ELECTRONICO,Cobro de honorarios,Argentina,
AR016,2026-05-20,767579.33,INGRESO,CHEQUE,ELECTRONICO,Proveedor local,Argentina,
AR020,2026-05-20,211607.19,EGRESO,CHEQUE,ELECTRONICO,Cliente minorista,Argentina,
AR030,2026-05-20,3036766.86,INGRESO,TRANSFERENCIA,ELECTRONICO,Cliente minorista,Argentina,
AR005,2026-05-21,46074.68,INGRESO,TRANSFERENCIA,ELECTRONICO,Servicios contratados,Argentina,
AR008,2026-05-21,69134.85,INGRESO,TRANSFERENCIA,ELECTRONICO,Cobro de honorarios,Argentina,
AR014,2026-05-21,996344.79,INGRESO,CHEQUE,ELECTRONICO,Mayorista del rubro,Argentina,
AR018,2026-05-21,240099.57,EGRESO,CHEQUE,ELECTRONICO,Mayorista del rubro,Argentina,
AR022,2026-05-21,91807.76,EGRESO,TRANSFERENCIA,ELECTRONICO,Transferencia recibida,Argentina,
AR023,2026-05-21,1309970.95,INGRESO,CHEQUE,ELECTRONICO,Servicios contratados,Argentina,
AR032,2026-05-21,1069035.85,EGRESO,TRANSFERENCIA,ELECTRONICO,Cobro de honorarios,Argentina,
AR033,2026-05-21,3281172.13,INGRESO,TRANSFERENCIA,ELECTRONICO,Comitente,Uruguay,
AR034,2026-05-21,6858646.52,INGRESO,CHEQUE,ELECTRONICO,Cobro de honorarios,Argentina,
AR034,2026-05-21,8570892.98,INGRESO,TRANSFERENCIA,ELECTRONICO,Cobro de honorarios,Argentina,
AR005,2026-05-22,47497.16,INGRESO,EFECTIVO,PRESENCIAL,Transferencia recibida,Argentina,
AR005,2026-05-22,40818.81,INGRESO,EFECTIVO,PRESENCIAL,Cliente minorista,Argentina,
AR006,2026-05-22,233904.29,EGRESO,CHEQUE,ELECTRONICO,Transferencia recibida,Argentina,
AR028,2026-05-22,1753040.89,INGRESO,TRANSFERENCIA,ELECTRONICO,Cobro de honorarios,Argentina,
AR028,2026-05-22,915923.84,INGRESO,EFECTIVO,PRESENCIAL,Transferencia recibida,Argentina,
AR033,2026-05-22,2787926.76,EGRESO,TRANSFERENCIA,ELECTRONICO,Mayorista del rubro,Argentina,
AR033,2026-05-22,3277252.16,INGRESO,TRANSFERENCIA,ELECTRONICO,Cliente minorista,Argentina,
AR004,2026-05-23,122866.88,EGRESO,CHEQUE,ELECTRONICO,Cobro de honorarios,Argentina,
AR011,2026-05-23,200573.67,INGRESO,CHEQUE,ELECTRONICO,Mayorista del rubro,Argentina,
AR022,2026-05-23,58403.27,EGRESO,TRANSFERENCIA,ELECTRONICO,Servicios contratados,Argentina,
AR028,2026-05-23,827309.22,INGRESO,TRANSFERENCIA,ELECTRONICO,Servicios contratados,Argentina,
AR029,2026-05-23,1385322.09,INGRESO,TRANSFERENCIA,ELECTRONICO,Mayorista del rubro,Argentina,
AR031,2026-05-23,3874566.91,INGRESO,TRANSFERENCIA,ELECTRONICO,Cobro de honorarios,Argentina,
AR008,2026-05-24,71074.52,INGRESO,TRANSFERENCIA,ELECTRONICO,Cliente minorista,Argentina,
AR015,2026-05-24,840628.45,EGRESO,TRANSFERENCIA,ELECTRONICO,Cobro de honorarios,Argentina,
AR031,2026-05-24,2079548.06,EGRESO,TRANSFERENCIA,ELECTRONICO,Proveedor local,Argentina,
AR006,2026-05-25,403747.15,INGRESO,TRANSFERENCIA,ELECTRONICO,Servicios contratados,Argentina,
AR008,2026-05-25,93038.69,EGRESO,EFECTIVO,PRESENCIAL,Proveedor local,Argentina,
AR014,2026-05-25,569227.46,INGRESO,TRANSFERENCIA,ELECTRONICO,Mayorista del rubro,Argentina,
AR019,2026-05-25,445523.78,INGRESO,CHEQUE,ELECTRONICO,Proveedor local,Argentina,
AR024,2026-05-25,497996.50,INGRESO,TRANSFERENCIA,ELECTRONICO,Cobro de honorarios,Argentina,
AR003,2026-05-26,243218.32,INGRESO,CHEQUE,ELECTRONICO,Mayorista del rubro,Argentina,
AR003,2026-05-26,177445.70,EGRESO,TRANSFERENCIA,ELECTRONICO,Cobro de honorarios,Argentina,
AR022,2026-05-26,49490.96,INGRESO,CHEQUE,ELECTRONICO,Transferencia recibida,Argentina,
AR001,2026-05-27,295216.29,INGRESO,CHEQUE,ELECTRONICO,Cliente minorista,Argentina,
AR006,2026-05-27,210100.46,EGRESO,CHEQUE,ELECTRONICO,Mayorista del rubro,Argentina,
AR013,2026-05-27,1993944.36,INGRESO,CHEQUE,ELECTRONICO,Transferencia recibida,Argentina,
AR016,2026-05-27,591631.04,INGRESO,EFECTIVO,PRESENCIAL,Proveedor local,Argentina,
AR022,2026-05-27,90500.46,EGRESO,TRANSFERENCIA,ELECTRONICO,Proveedor local,Argentina,
AR001,2026-05-28,230048.93,INGRESO,EFECTIVO,PRESENCIAL,Cobro de honorarios,Argentina,
AR003,2026-05-28,290153.98,INGRESO,EFECTIVO,PRESENCIAL,Cobro de honorarios,Argentina,
AR007,2026-05-28,934832.56,EGRESO,TRANSFERENCIA,ELECTRONICO,Servicios contratados,Argentina,
AR015,2026-05-28,838753.48,EGRESO,TRANSFERENCIA,ELECTRONICO,Cobro de honorarios,Argentina,
AR018,2026-05-28,228839.28,INGRESO,CHEQUE,ELECTRONICO,Servicios contratados,Argentina,
AR020,2026-05-28,206117.19,EGRESO,TRANSFERENCIA,ELECTRONICO,Proveedor local,Argentina,
AR026,2026-05-28,2630797.16,EGRESO,TRANSFERENCIA,ELECTRONICO,Cliente minorista,Argentina,
AR014,2026-05-29,914423.37,INGRESO,TRANSFERENCIA,ELECTRONICO,Mayorista del rubro,Argentina,
AR016,2026-05-29,542663.33,INGRESO,TRANSFERENCIA,ELECTRONICO,Mayorista del rubro,Argentina,
AR021,2026-05-29,491904.40,INGRESO,TRANSFERENCIA,ELECTRONICO,Mayorista del rubro,Argentina,
AR021,2026-05-29,297272.14,INGRESO,TRANSFERENCIA,ELECTRONICO,Cobro de honorarios,Argentina,
AR025,2026-05-29,2316833.56,EGRESO,CHEQUE,ELECTRONICO,Cobro de honorarios,Argentina,
AR032,2026-05-29,1660402.54,INGRESO,CHEQUE,ELECTRONICO,Cobro de honorarios,Argentina,
AR035,2026-05-29,2214053.66,INGRESO,TRANSFERENCIA,ELECTRONICO,Servicios contratados,Argentina,
AR035,2026-05-29,2497932.42,INGRESO,CHEQUE,ELECTRONICO,Cobro de honorarios,Argentina,
AR006,2026-05-30,331469.95,INGRESO,TRANSFERENCIA,ELECTRONICO,Mayorista del rubro,Argentina,
AR008,2026-05-30,68164.19,INGRESO,TRANSFERENCIA,ELECTRONICO,Cobro de honorarios,Argentina,
AR010,2026-05-30,100580.72,INGRESO,CHEQUE,ELECTRONICO,Cobro de honorarios,Argentina,
AR014,2026-05-30,973466.00,INGRESO,CHEQUE,ELECTRONICO,Transferencia recibida,Argentina,
AR020,2026-05-30,143875.03,INGRESO,CHEQUE,ELECTRONICO,Servicios contratados,Argentina,
AR021,2026-05-30,362663.95,INGRESO,TRANSFERENCIA,ELECTRONICO,Servicios contratados,Argentina,
AR024,2026-05-30,246931.22,INGRESO,TRANSFERENCIA,ELECTRONICO,Cliente minorista,Argentina,
AR029,2026-05-30,1188004.41,EGRESO,TRANSFERENCIA,ELECTRONICO,Proveedor local,Argentina,
AR032,2026-05-30,1008990.14,INGRESO,TRANSFERENCIA,ELECTRONICO,Proveedor local,Argentina,
AR035,2026-05-30,2929826.45,INGRESO,TRANSFERENCIA,ELECTRONICO,Servicios contratados,Argentina,
AR013,2026-05-31,2663899.00,INGRESO,TRANSFERENCIA,ELECTRONICO,Transferencia recibida,Argentina,
AR014,2026-05-31,1036581.86,INGRESO,CHEQUE,ELECTRONICO,Proveedor local,Argentina,
AR021,2026-05-31,507116.78,INGRESO,TRANSFERENCIA,ELECTRONICO,Cliente minorista,Argentina,
AR022,2026-05-31,66622.58,EGRESO,CHEQUE,ELECTRONICO,Proveedor,Chile,
AR022,2026-05-31,75205.80,INGRESO,CHEQUE,ELECTRONICO,Servicios contratados,Argentina,
AR030,2026-05-31,5331211.34,INGRESO,TRANSFERENCIA,ELECTRONICO,Transferencia recibida,Argentina,
AR031,2026-05-31,1998600.92,EGRESO,TRANSFERENCIA,ELECTRONICO,Cliente minorista,Argentina,
AR035,2026-05-31,1993426.56,INGRESO,CHEQUE,ELECTRONICO,Mayorista del rubro,Argentina,
AR006,2026-06-01,383779.29,EGRESO,CHEQUE,ELECTRONICO,Cobro de honorarios,Argentina,
AR007,2026-06-01,1261101.38,INGRESO,CHEQUE,ELECTRONICO,Cliente minorista,Argentina,
AR029,2026-06-01,1624338.82,INGRESO,TRANSFERENCIA,ELECTRONICO,Proveedor local,Argentina,
AR031,2026-06-01,3278010.73,INGRESO,TRANSFERENCIA,ELECTRONICO,Mayorista del rubro,Argentina,
AR033,2026-06-01,2505447.78,INGRESO,TRANSFERENCIA,ELECTRONICO,Cobro de honorarios,Argentina,
AR033,2026-06-01,1572886.02,INGRESO,CHEQUE,ELECTRONICO,Mayorista del rubro,Argentina,
AR005,2026-06-02,46972.76,EGRESO,TRANSFERENCIA,ELECTRONICO,Proveedor local,Argentina,
AR005,2026-06-02,45951.15,EGRESO,TRANSFERENCIA,ELECTRONICO,Cobro de honorarios,Argentina,
AR008,2026-06-02,65983.82,INGRESO,CHEQUE,ELECTRONICO,Cobro de honorarios,Argentina,
AR010,2026-06-02,133807.99,INGRESO,CHEQUE,ELECTRONICO,Servicios contratados,Argentina,
AR012,2026-06-02,1787338.36,INGRESO,TRANSFERENCIA,ELECTRONICO,Cliente minorista,Argentina,
AR017,2026-06-02,298677.15,INGRESO,CHEQUE,ELECTRONICO,Cobro de honorarios,Argentina,
AR020,2026-06-02,135766.42,EGRESO,CHEQUE,ELECTRONICO,Mayorista del rubro,Argentina,
AR021,2026-06-02,428840.02,EGRESO,TRANSFERENCIA,ELECTRONICO,Transferencia recibida,Argentina,
AR023,2026-06-02,2410310.59,INGRESO,TRANSFERENCIA,ELECTRONICO,Transferencia recibida,Argentina,
AR028,2026-06-02,1478131.16,INGRESO,TRANSFERENCIA,ELECTRONICO,Transferencia recibida,Argentina,
AR029,2026-06-02,1680904.21,INGRESO,CHEQUE,ELECTRONICO,Mayorista del rubro,Argentina,
AR004,2026-06-03,132980.05,INGRESO,CHEQUE,ELECTRONICO,Servicios contratados,Argentina,
AR007,2026-06-03,1181383.19,EGRESO,TRANSFERENCIA,ELECTRONICO,Comitente,Uruguay,
AR014,2026-06-03,963140.31,INGRESO,TRANSFERENCIA,ELECTRONICO,Cliente minorista,Argentina,
AR017,2026-06-03,334570.99,INGRESO,CHEQUE,ELECTRONICO,Proveedor local,Argentina,
AR019,2026-06-03,362823.28,INGRESO,TRANSFERENCIA,ELECTRONICO,Mayorista del rubro,Argentina,
AR021,2026-06-03,422346.23,INGRESO,CHEQUE,ELECTRONICO,Transferencia recibida,Argentina,
AR031,2026-06-03,2401826.05,EGRESO,TRANSFERENCIA,ELECTRONICO,Importador,Brasil,
AR002,2026-06-04,217241.47,EGRESO,CHEQUE,ELECTRONICO,Transferencia recibida,Argentina,
AR007,2026-06-04,614074.31,INGRESO,CHEQUE,ELECTRONICO,Transferencia recibida,Argentina,
AR030,2026-06-04,2752028.50,INGRESO,CHEQUE,ELECTRONICO,Cobro de honorarios,Argentina,
AR031,2026-06-04,3389598.29,EGRESO,TRANSFERENCIA,ELECTRONICO,Mayorista del rubro,Argentina,
AR033,2026-06-04,2610253.34,INGRESO,TRANSFERENCIA,ELECTRONICO,Cliente minorista,Argentina,
AR035,2026-06-04,2059768.62,INGRESO,CHEQUE,ELECTRONICO,Cliente minorista,Argentina,
AR003,2026-06-05,179799.18,EGRESO,EFECTIVO,PRESENCIAL,Proveedor local,Argentina,
AR004,2026-06-05,220538.68,INGRESO,EFECTIVO,PRESENCIAL,Cliente minorista,Argentina,
AR020,2026-06-05,101697.18,INGRESO,TRANSFERENCIA,ELECTRONICO,Servicios contratados,Argentina,
AR024,2026-06-05,268493.97,INGRESO,TRANSFERENCIA,ELECTRONICO,Cliente minorista,Argentina,
AR029,2026-06-05,1160058.98,INGRESO,CHEQUE,ELECTRONICO,Mayorista del rubro,Argentina,
AR035,2026-06-05,1535338.99,EGRESO,CHEQUE,ELECTRONICO,Transferencia recibida,Argentina,
AR002,2026-06-06,186724.93,EGRESO,CHEQUE,ELECTRONICO,Proveedor local,Argentina,
AR014,2026-06-06,1017236.52,INGRESO,TRANSFERENCIA,ELECTRONICO,Proveedor local,Argentina,
AR019,2026-06-06,324179.35,EGRESO,CHEQUE,ELECTRONICO,Transferencia recibida,Argentina,
AR022,2026-06-06,61900.30,INGRESO,CHEQUE,ELECTRONICO,Cliente minorista,Argentina,
AR025,2026-06-06,2995293.48,INGRESO,TRANSFERENCIA,ELECTRONICO,Transferencia recibida,Argentina,
AR029,2026-06-06,1873306.43,INGRESO,TRANSFERENCIA,ELECTRONICO,Servicios contratados,Argentina,
AR007,2026-06-07,881397.32,EGRESO,TRANSFERENCIA,ELECTRONICO,Mayorista del rubro,Argentina,
AR024,2026-06-07,258090.24,INGRESO,TRANSFERENCIA,ELECTRONICO,Mayorista del rubro,Argentina,
AR029,2026-06-07,1465440.58,EGRESO,TRANSFERENCIA,ELECTRONICO,Proveedor local,Argentina,
AR034,2026-06-07,6785846.00,INGRESO,CHEQUE,ELECTRONICO,Cliente minorista,Argentina,
AR001,2026-06-08,216051.99,EGRESO,TRANSFERENCIA,ELECTRONICO,Cobro de honorarios,Argentina,
AR002,2026-06-08,195457.57,INGRESO,TRANSFERENCIA,ELECTRONICO,Servicios contratados,Argentina,
AR004,2026-06-08,175446.86,INGRESO,TRANSFERENCIA,ELECTRONICO,Cliente minorista,Argentina,
AR006,2026-06-08,193144.80,EGRESO,CHEQUE,ELECTRONICO,Mayorista del rubro,Argentina,
AR008,2026-06-08,105047.00,INGRESO,CHEQUE,ELECTRONICO,Cliente minorista,Argentina,
AR009,2026-06-08,73914.87,EGRESO,CHEQUE,ELECTRONICO,Cobro de honorarios,Argentina,
AR019,2026-06-08,335382.73,EGRESO,TRANSFERENCIA,ELECTRONICO,Mayorista del rubro,Argentina,
AR026,2026-06-08,3594184.80,INGRESO,TRANSFERENCIA,ELECTRONICO,Mayorista del rubro,Argentina,
AR006,2026-06-09,420476.92,EGRESO,EFECTIVO,PRESENCIAL,Cliente minorista,Argentina,
AR006,2026-06-09,262898.51,INGRESO,TRANSFERENCIA,ELECTRONICO,Cliente minorista,Argentina,
AR015,2026-06-09,963004.44,INGRESO,TRANSFERENCIA,ELECTRONICO,Cobro de honorarios,Argentina,
AR016,2026-06-09,926810.44,INGRESO,EFECTIVO,PRESENCIAL,Cobro de honorarios,Argentina,
AR023,2026-06-09,1815066.44,INGRESO,TRANSFERENCIA,ELECTRONICO,Mayorista del rubro,Argentina,
AR032,2026-06-09,1757858.49,EGRESO,TRANSFERENCIA,ELECTRONICO,Servicios contratados,Argentina,
AR033,2026-06-09,2578457.63,INGRESO,CHEQUE,ELECTRONICO,Mayorista del rubro,Argentina,
AR033,2026-06-09,3557957.03,INGRESO,TRANSFERENCIA,ELECTRONICO,Proveedor local,Argentina,
AR034,2026-06-09,5749733.28,INGRESO,EFECTIVO,PRESENCIAL,Transferencia recibida,Argentina,
AR003,2026-06-10,129677.11,EGRESO,EFECTIVO,PRESENCIAL,Proveedor local,Argentina,
AR004,2026-06-10,188030.33,INGRESO,TRANSFERENCIA,ELECTRONICO,Cliente minorista,Argentina,
AR006,2026-06-10,249140.51,INGRESO,EFECTIVO,PRESENCIAL,Cliente minorista,Argentina,
AR012,2026-06-10,1991661.89,EGRESO,TRANSFERENCIA,ELECTRONICO,Cobro de honorarios,Argentina,
AR015,2026-06-10,842804.08,INGRESO,TRANSFERENCIA,ELECTRONICO,Mayorista del rubro,Argentina,
AR022,2026-06-10,88048.31,INGRESO,CHEQUE,ELECTRONICO,Mayorista del rubro,Argentina,
AR025,2026-06-10,1564544.80,EGRESO,TRANSFERENCIA,ELECTRONICO,Cobro de honorarios,Argentina,
AR025,2026-06-10,2296520.79,INGRESO,EFECTIVO,PRESENCIAL,Cliente minorista,Argentina,
AR028,2026-06-10,1753202.14,INGRESO,TRANSFERENCIA,ELECTRONICO,Mayorista del rubro,Argentina,
AR028,2026-06-10,1155348.71,INGRESO,TRANSFERENCIA,ELECTRONICO,Transferencia recibida,Argentina,
AR033,2026-06-10,1792715.24,INGRESO,TRANSFERENCIA,ELECTRONICO,Proveedor local,Argentina,
AR002,2026-06-11,290677.17,INGRESO,TRANSFERENCIA,ELECTRONICO,Transferencia recibida,Argentina,
AR005,2026-06-11,31515.18,EGRESO,CHEQUE,ELECTRONICO,Servicios contratados,Argentina,
AR016,2026-06-11,834585.12,INGRESO,EFECTIVO,PRESENCIAL,Mayorista del rubro,Argentina,
AR018,2026-06-11,317638.15,INGRESO,TRANSFERENCIA,ELECTRONICO,Proveedor local,Argentina,
AR025,2026-06-11,2584353.32,EGRESO,TRANSFERENCIA,ELECTRONICO,Cobro de honorarios,Argentina,
AR027,2026-06-11,12731853.21,INGRESO,CHEQUE,ELECTRONICO,Cobro de honorarios,Argentina,
AR032,2026-06-11,1638668.93,INGRESO,CHEQUE,ELECTRONICO,Cobro de honorarios,Argentina,
AR003,2026-06-12,295045.42,EGRESO,EFECTIVO,PRESENCIAL,Cliente minorista,Argentina,
AR008,2026-06-12,113251.87,INGRESO,TRANSFERENCIA,ELECTRONICO,Servicios contratados,Argentina,
AR019,2026-06-12,381571.13,INGRESO,TRANSFERENCIA,ELECTRONICO,Cliente minorista,Argentina,
AR021,2026-06-12,489132.46,INGRESO,TRANSFERENCIA,ELECTRONICO,Mayorista del rubro,Argentina,
AR024,2026-06-12,422082.03,INGRESO,TRANSFERENCIA,ELECTRONICO,Mayorista del rubro,Argentina,
AR026,2026-06-12,4460006.82,EGRESO,EFECTIVO,PRESENCIAL,Cobro de honorarios,Argentina,
AR027,2026-06-12,6020407.11,INGRESO,TRANSFERENCIA,ELECTRONICO,Proveedor local,Argentina,
AR029,2026-06-12,1574432.45,INGRESO,EFECTIVO,PRESENCIAL,Transferencia recibida,Argentina,
AR002,2026-06-13,210802.16,EGRESO,TRANSFERENCIA,ELECTRONICO,Mayorista del rubro,Argentina,
AR013,2026-06-13,1834861.91,EGRESO,TRANSFERENCIA,ELECTRONICO,Servicios contratados,Argentina,
AR005,2026-06-14,63023.03,INGRESO,EFECTIVO,PRESENCIAL,Proveedor local,Argentina,
AR008,2026-06-14,74169.28,EGRESO,CHEQUE,ELECTRONICO,Mayorista del rubro,Argentina,
AR011,2026-06-14,208641.14,EGRESO,TRANSFERENCIA,ELECTRONICO,Cliente minorista,Argentina,
AR012,2026-06-14,1137538.34,INGRESO,TRANSFERENCIA,ELECTRONICO,Transferencia recibida,Argentina,
AR032,2026-06-14,1230325.31,INGRESO,CHEQUE,ELECTRONICO,Proveedor local,Argentina,
AR004,2026-06-15,204084.32,INGRESO,TRANSFERENCIA,ELECTRONICO,Cobro de honorarios,Argentina,
AR020,2026-06-15,100861.27,INGRESO,EFECTIVO,PRESENCIAL,Comitente,Uruguay,
AR026,2026-06-15,3427240.02,INGRESO,TRANSFERENCIA,ELECTRONICO,Mayorista del rubro,Argentina,
AR027,2026-06-15,7583874.19,EGRESO,CHEQUE,ELECTRONICO,Proveedor local,Argentina,
AR028,2026-06-15,1303501.40,EGRESO,TRANSFERENCIA,ELECTRONICO,Cobro de honorarios,Argentina,
AR028,2026-06-16,1519413.44,INGRESO,TRANSFERENCIA,ELECTRONICO,Transferencia recibida,Argentina,
AR028,2026-06-16,776356.68,INGRESO,CHEQUE,ELECTRONICO,Mayorista del rubro,Argentina,
AR003,2026-06-17,259372.79,INGRESO,EFECTIVO,PRESENCIAL,Transferencia recibida,Argentina,
AR006,2026-06-17,268029.87,EGRESO,TRANSFERENCIA,ELECTRONICO,Transferencia recibida,Argentina,
AR007,2026-06-17,856778.61,EGRESO,TRANSFERENCIA,ELECTRONICO,Cliente minorista,Argentina,
AR010,2026-06-17,115915.33,INGRESO,EFECTIVO,PRESENCIAL,Servicios contratados,Argentina,
AR015,2026-06-17,716085.31,INGRESO,TRANSFERENCIA,ELECTRONICO,Cliente minorista,Argentina,
AR015,2026-06-17,941922.80,EGRESO,CHEQUE,ELECTRONICO,Mayorista del rubro,Argentina,
AR016,2026-06-17,582980.29,INGRESO,TRANSFERENCIA,ELECTRONICO,Servicios contratados,Argentina,
AR019,2026-06-17,357562.24,INGRESO,CHEQUE,ELECTRONICO,Mayorista del rubro,Argentina,
AR005,2026-06-18,41988.18,EGRESO,CHEQUE,ELECTRONICO,Transferencia recibida,Argentina,
AR005,2026-06-18,58410.13,INGRESO,EFECTIVO,PRESENCIAL,Proveedor local,Argentina,
AR008,2026-06-18,107593.73,INGRESO,TRANSFERENCIA,ELECTRONICO,Transferencia recibida,Argentina,
AR011,2026-06-18,207967.09,INGRESO,CHEQUE,ELECTRONICO,Proveedor local,Argentina,
AR012,2026-06-18,1324122.58,EGRESO,CHEQUE,ELECTRONICO,Cliente minorista,Argentina,
AR014,2026-06-18,1134018.59,INGRESO,CHEQUE,ELECTRONICO,Cliente minorista,Argentina,
AR014,2026-06-18,950416.63,INGRESO,CHEQUE,ELECTRONICO,Servicios contratados,Argentina,
AR018,2026-06-18,165522.18,INGRESO,TRANSFERENCIA,ELECTRONICO,Comitente,Uruguay,
AR019,2026-06-18,281036.11,INGRESO,TRANSFERENCIA,ELECTRONICO,Mayorista del rubro,Argentina,
AR020,2026-06-18,176976.22,INGRESO,CHEQUE,ELECTRONICO,Proveedor local,Argentina,
AR020,2026-06-18,135656.87,INGRESO,TRANSFERENCIA,ELECTRONICO,Importador,Brasil,
AR034,2026-06-18,5222550.34,INGRESO,TRANSFERENCIA,ELECTRONICO,Cobro de honorarios,Argentina,
AR003,2026-06-19,233849.15,INGRESO,TRANSFERENCIA,ELECTRONICO,Servicios contratados,Argentina,
AR007,2026-06-19,559492.95,INGRESO,TRANSFERENCIA,ELECTRONICO,Transferencia recibida,Argentina,
AR010,2026-06-19,123919.87,INGRESO,TRANSFERENCIA,ELECTRONICO,Cliente minorista,Argentina,
AR011,2026-06-19,246936.80,INGRESO,CHEQUE,ELECTRONICO,Cliente minorista,Argentina,
AR013,2026-06-19,2240453.52,EGRESO,TRANSFERENCIA,ELECTRONICO,Cliente minorista,Argentina,
AR016,2026-06-19,826276.11,INGRESO,TRANSFERENCIA,ELECTRONICO,Comitente,Uruguay,
AR032,2026-06-19,1335789.37,INGRESO,TRANSFERENCIA,ELECTRONICO,Proveedor local,Argentina,
AR032,2026-06-19,1461279.27,INGRESO,TRANSFERENCIA,ELECTRONICO,Cliente minorista,Argentina,
AR003,2026-06-20,184323.18,EGRESO,EFECTIVO,PRESENCIAL,Cliente minorista,Argentina,
AR005,2026-06-20,41148.14,INGRESO,TRANSFERENCIA,ELECTRONICO,Proveedor local,Argentina,
AR010,2026-06-20,98220.68,EGRESO,EFECTIVO,PRESENCIAL,Cliente minorista,Argentina,
AR010,2026-06-20,162004.93,EGRESO,TRANSFERENCIA,ELECTRONICO,Cobro de honorarios,Argentina,
AR011,2026-06-20,276002.02,INGRESO,TRANSFERENCIA,ELECTRONICO,Servicios contratados,Argentina,
AR014,2026-06-20,1135106.62,INGRESO,CHEQUE,ELECTRONICO,Cobro de honorarios,Argentina,
AR018,2026-06-20,284208.81,INGRESO,TRANSFERENCIA,ELECTRONICO,Proveedor local,Argentina,
AR032,2026-06-20,1590285.74,EGRESO,TRANSFERENCIA,ELECTRONICO,Proveedor local,Argentina,
AR006,2026-06-21,198922.46,INGRESO,TRANSFERENCIA,ELECTRONICO,Transferencia recibida,Argentina,
AR008,2026-06-21,115656.04,INGRESO,CHEQUE,ELECTRONICO,Servicios contratados,Argentina,
AR019,2026-06-21,432041.14,EGRESO,TRANSFERENCIA,ELECTRONICO,Servicios contratados,Argentina,
AR022,2026-06-21,47516.95,INGRESO,CHEQUE,ELECTRONICO,Proveedor local,Argentina,
AR025,2026-06-21,2393962.07,INGRESO,TRANSFERENCIA,ELECTRONICO,Comitente,Uruguay,
AR028,2026-06-21,1111217.28,INGRESO,TRANSFERENCIA,ELECTRONICO,Mayorista del rubro,Argentina,
AR005,2026-06-22,50382.84,INGRESO,CHEQUE,ELECTRONICO,Transferencia recibida,Argentina,
AR008,2026-06-22,111708.86,INGRESO,EFECTIVO,PRESENCIAL,Importador,Brasil,
AR010,2026-06-22,159392.01,EGRESO,CHEQUE,ELECTRONICO,Servicios contratados,Argentina,
AR016,2026-06-22,823697.32,INGRESO,CHEQUE,ELECTRONICO,Mayorista del rubro,Argentina,
AR016,2026-06-22,1073687.12,EGRESO,EFECTIVO,PRESENCIAL,Mayorista del rubro,Argentina,
AR020,2026-06-22,123300.70,EGRESO,CHEQUE,ELECTRONICO,Proveedor local,Argentina,
AR021,2026-06-22,383941.34,EGRESO,TRANSFERENCIA,ELECTRONICO,Proveedor local,Argentina,
AR023,2026-06-22,1828704.89,INGRESO,CHEQUE,ELECTRONICO,Mayorista del rubro,Argentina,
AR035,2026-06-22,1995046.62,INGRESO,TRANSFERENCIA,ELECTRONICO,Transferencia recibida,Argentina,
AR001,2026-06-23,340180.68,INGRESO,TRANSFERENCIA,ELECTRONICO,Transferencia recibida,Argentina,
AR003,2026-06-23,185977.55,INGRESO,TRANSFERENCIA,ELECTRONICO,Mayorista del rubro,Argentina,
AR007,2026-06-23,623204.30,INGRESO,CHEQUE,ELECTRONICO,Cobro de honorarios,Argentina,
AR009,2026-06-23,58981.02,EGRESO,TRANSFERENCIA,ELECTRONICO,Transferencia recibida,Argentina,
AR010,2026-06-23,126598.30,INGRESO,TRANSFERENCIA,ELECTRONICO,Transferencia recibida,Argentina,
AR010,2026-06-23,113987.72,INGRESO,TRANSFERENCIA,ELECTRONICO,Servicios contratados,Argentina,
AR011,2026-06-23,168821.97,EGRESO,TRANSFERENCIA,ELECTRONICO,Servicios contratados,Argentina,
AR021,2026-06-23,227500.54,INGRESO,TRANSFERENCIA,ELECTRONICO,Transferencia recibida,Argentina,
AR021,2026-06-23,358071.73,INGRESO,TRANSFERENCIA,ELECTRONICO,Proveedor local,Argentina,
AR022,2026-06-23,97268.93,EGRESO,CHEQUE,ELECTRONICO,Comitente,Uruguay,
AR022,2026-06-23,72304.54,INGRESO,CHEQUE,ELECTRONICO,Cobro de honorarios,Argentina,
AR023,2026-06-23,2993342.59,INGRESO,TRANSFERENCIA,ELECTRONICO,Servicios contratados,Argentina,
AR028,2026-06-23,878435.31,EGRESO,CHEQUE,ELECTRONICO,Servicios contratados,Argentina,
AR001,2026-06-24,177876.17,INGRESO,EFECTIVO,PRESENCIAL,Cobro de honorarios,Argentina,
AR008,2026-06-24,80879.40,EGRESO,TRANSFERENCIA,ELECTRONICO,Cliente minorista,Argentina,
AR015,2026-06-24,563824.97,EGRESO,TRANSFERENCIA,ELECTRONICO,Cliente minorista,Argentina,
AR016,2026-06-24,1124472.98,EGRESO,EFECTIVO,PRESENCIAL,Comitente,Uruguay,
AR026,2026-06-24,2640989.66,INGRESO,TRANSFERENCIA,ELECTRONICO,Servicios contratados,Argentina,
AR030,2026-06-24,3770703.38,INGRESO,TRANSFERENCIA,ELECTRONICO,Proveedor,Chile,
AR004,2026-06-25,113225.76,EGRESO,TRANSFERENCIA,ELECTRONICO,Mayorista del rubro,Argentina,
AR013,2026-06-25,2667876.88,INGRESO,TRANSFERENCIA,ELECTRONICO,Proveedor,Chile,
AR021,2026-06-25,352020.79,EGRESO,TRANSFERENCIA,ELECTRONICO,Transferencia recibida,Argentina,
AR026,2026-06-25,3077716.66,EGRESO,CHEQUE,ELECTRONICO,Servicios contratados,Argentina,
AR026,2026-06-25,4358530.86,EGRESO,TRANSFERENCIA,ELECTRONICO,Mayorista del rubro,Argentina,
AR004,2026-06-26,185481.12,INGRESO,TRANSFERENCIA,ELECTRONICO,Comitente,Uruguay,
AR008,2026-06-26,100170.02,EGRESO,TRANSFERENCIA,ELECTRONICO,Transferencia recibida,Argentina,
AR014,2026-06-26,1023692.79,EGRESO,TRANSFERENCIA,ELECTRONICO,Mayorista del rubro,Argentina,
AR015,2026-06-26,754160.74,EGRESO,CHEQUE,ELECTRONICO,Transferencia recibida,Argentina,
AR015,2026-06-26,911274.03,INGRESO,TRANSFERENCIA,ELECTRONICO,Cliente minorista,Argentina,
AR016,2026-06-26,838034.55,INGRESO,CHEQUE,ELECTRONICO,Proveedor local,Argentina,
AR021,2026-06-26,256043.50,EGRESO,TRANSFERENCIA,ELECTRONICO,Servicios contratados,Argentina,
AR032,2026-06-26,1059168.17,INGRESO,TRANSFERENCIA,ELECTRONICO,Proveedor local,Argentina,
AR034,2026-06-26,6708552.79,EGRESO,TRANSFERENCIA,ELECTRONICO,Cliente minorista,Argentina,
AR009,2026-06-27,102587.87,INGRESO,TRANSFERENCIA,ELECTRONICO,Cliente minorista,Argentina,
AR014,2026-06-27,1089493.04,INGRESO,CHEQUE,ELECTRONICO,Cobro de honorarios,Argentina,
AR015,2026-06-27,935098.61,EGRESO,TRANSFERENCIA,ELECTRONICO,Cobro de honorarios,Argentina,
AR017,2026-06-27,191842.62,INGRESO,TRANSFERENCIA,ELECTRONICO,Servicios contratados,Argentina,
AR024,2026-06-27,427385.46,INGRESO,TRANSFERENCIA,ELECTRONICO,Cobro de honorarios,Argentina,
AR026,2026-06-27,3573517.89,INGRESO,TRANSFERENCIA,ELECTRONICO,Cliente minorista,Argentina,
AR029,2026-06-27,2222708.86,INGRESO,TRANSFERENCIA,ELECTRONICO,Servicios contratados,Argentina,
AR030,2026-06-27,3874466.85,INGRESO,CHEQUE,ELECTRONICO,Cobro de honorarios,Argentina,
AR031,2026-06-27,2495433.31,EGRESO,TRANSFERENCIA,ELECTRONICO,Transferencia recibida,Argentina,
AR001,2026-06-28,348330.01,INGRESO,TRANSFERENCIA,ELECTRONICO,Servicios contratados,Argentina,
AR001,2026-06-28,251002.89,INGRESO,CHEQUE,ELECTRONICO,Transferencia recibida,Argentina,
AR003,2026-06-28,224136.18,EGRESO,TRANSFERENCIA,ELECTRONICO,Cliente minorista,Argentina,
AR003,2026-06-28,158478.51,INGRESO,TRANSFERENCIA,ELECTRONICO,Servicios contratados,Argentina,
AR017,2026-06-28,336786.72,EGRESO,EFECTIVO,PRESENCIAL,Servicios contratados,Argentina,
AR026,2026-06-28,3175764.76,EGRESO,CHEQUE,ELECTRONICO,Proveedor local,Argentina,
AR033,2026-06-28,2169237.30,INGRESO,TRANSFERENCIA,ELECTRONICO,Cobro de honorarios,Argentina,
AR005,2026-06-29,33571.59,INGRESO,EFECTIVO,PRESENCIAL,Cobro de honorarios,Argentina,
AR006,2026-06-29,422980.45,EGRESO,EFECTIVO,PRESENCIAL,Importador,Brasil,
AR009,2026-06-29,75793.57,INGRESO,TRANSFERENCIA,ELECTRONICO,Cliente minorista,Argentina,
AR018,2026-06-29,202865.37,EGRESO,CHEQUE,ELECTRONICO,Servicios contratados,Argentina,
AR027,2026-06-29,11919880.35,EGRESO,TRANSFERENCIA,ELECTRONICO,Servicios contratados,Argentina,
AR032,2026-06-29,861940.85,INGRESO,TRANSFERENCIA,ELECTRONICO,Cobro de honorarios,Argentina,
AR011,2026-06-30,175165.17,EGRESO,TRANSFERENCIA,ELECTRONICO,Servicios contratados,Argentina,
AR018,2026-06-30,159436.92,INGRESO,TRANSFERENCIA,ELECTRONICO,Mayorista del rubro,Argentina,
AR020,2026-06-30,95168.33,INGRESO,CHEQUE,ELECTRONICO,Cliente minorista,Argentina,
AR021,2026-06-30,277165.87,INGRESO,TRANSFERENCIA,ELECTRONICO,Proveedor local,Argentina,
AR024,2026-06-30,266791.72,INGRESO,CHEQUE,ELECTRONICO,Cliente minorista,Argentina,
AR026,2026-06-30,3602523.61,INGRESO,CHEQUE,ELECTRONICO,Cobro de honorarios,Argentina,
AR035,2026-06-30,1712152.30,INGRESO,TRANSFERENCIA,ELECTRONICO,Proveedor local,Argentina,
AR006,2026-07-01,299683.58,INGRESO,TRANSFERENCIA,ELECTRONICO,Cliente minorista,Argentina,
AR006,2026-07-01,371453.32,INGRESO,TRANSFERENCIA,ELECTRONICO,Transferencia recibida,Argentina,
AR011,2026-07-01,264525.72,EGRESO,TRANSFERENCIA,ELECTRONICO,Transferencia recibida,Argentina,
AR028,2026-07-01,1721856.72,EGRESO,TRANSFERENCIA,ELECTRONICO,Servicios contratados,Argentina,
AR030,2026-07-01,3161698.40,EGRESO,TRANSFERENCIA,ELECTRONICO,Transferencia recibida,Argentina,
AR031,2026-07-01,2510894.62,EGRESO,EFECTIVO,PRESENCIAL,Cobro de honorarios,Argentina,
AR004,2026-07-02,109744.04,INGRESO,TRANSFERENCIA,ELECTRONICO,Cliente minorista,Argentina,
AR007,2026-07-02,626637.38,INGRESO,TRANSFERENCIA,ELECTRONICO,Proveedor local,Argentina,
AR017,2026-07-02,321803.33,EGRESO,TRANSFERENCIA,ELECTRONICO,Cobro de honorarios,Argentina,
AR021,2026-07-02,433927.16,INGRESO,TRANSFERENCIA,ELECTRONICO,Mayorista del rubro,Argentina,
AR021,2026-07-02,388139.84,INGRESO,CHEQUE,ELECTRONICO,Cliente minorista,Argentina,
AR023,2026-07-02,2643164.46,INGRESO,TRANSFERENCIA,ELECTRONICO,Cliente minorista,Argentina,
AR025,2026-07-02,2450430.81,EGRESO,TRANSFERENCIA,ELECTRONICO,Servicios contratados,Argentina,
AR027,2026-07-02,8637661.22,INGRESO,CHEQUE,ELECTRONICO,Cobro de honorarios,Argentina,
AR028,2026-07-02,1012491.25,INGRESO,TRANSFERENCIA,ELECTRONICO,Cliente minorista,Argentina,
AR032,2026-07-02,936085.15,INGRESO,TRANSFERENCIA,ELECTRONICO,Transferencia recibida,Argentina,
AR004,2026-07-03,186874.26,EGRESO,TRANSFERENCIA,ELECTRONICO,Proveedor local,Argentina,
AR005,2026-07-03,32883.87,INGRESO,EFECTIVO,PRESENCIAL,Transferencia recibida,Argentina,
AR006,2026-07-03,394596.71,EGRESO,TRANSFERENCIA,ELECTRONICO,Mayorista del rubro,Argentina,
AR006,2026-07-03,281007.05,INGRESO,CHEQUE,ELECTRONICO,Mayorista del rubro,Argentina,
AR010,2026-07-03,151195.61,EGRESO,TRANSFERENCIA,ELECTRONICO,Mayorista del rubro,Argentina,
AR011,2026-07-03,133252.22,INGRESO,EFECTIVO,PRESENCIAL,Proveedor,Chile,
AR016,2026-07-03,670444.75,INGRESO,TRANSFERENCIA,ELECTRONICO,Mayorista del rubro,Argentina,
AR019,2026-07-03,292414.47,INGRESO,TRANSFERENCIA,ELECTRONICO,Mayorista del rubro,Argentina,
AR021,2026-07-03,378783.15,EGRESO,TRANSFERENCIA,ELECTRONICO,Transferencia recibida,Argentina,
AR022,2026-07-03,51827.48,INGRESO,TRANSFERENCIA,ELECTRONICO,Mayorista del rubro,Argentina,
AR024,2026-07-03,329478.38,INGRESO,TRANSFERENCIA,ELECTRONICO,Mayorista del rubro,Argentina,
AR027,2026-07-03,10248948.05,EGRESO,TRANSFERENCIA,ELECTRONICO,Servicios contratados,Argentina,
AR027,2026-07-03,10552732.35,INGRESO,TRANSFERENCIA,ELECTRONICO,Servicios contratados,Argentina,
AR030,2026-07-03,3026078.93,INGRESO,TRANSFERENCIA,ELECTRONICO,Mayorista del rubro,Argentina,
AR003,2026-07-04,269230.70,INGRESO,EFECTIVO,PRESENCIAL,Cobro de honorarios,Argentina,
AR004,2026-07-04,194130.01,INGRESO,TRANSFERENCIA,ELECTRONICO,Servicios contratados,Argentina,
AR005,2026-07-04,47803.95,EGRESO,TRANSFERENCIA,ELECTRONICO,Cobro de honorarios,Argentina,
AR006,2026-07-04,423941.73,INGRESO,CHEQUE,ELECTRONICO,Transferencia recibida,Argentina,
AR007,2026-07-04,1204467.27,INGRESO,CHEQUE,ELECTRONICO,Transferencia recibida,Argentina,
AR009,2026-07-04,65641.26,INGRESO,TRANSFERENCIA,ELECTRONICO,Transferencia recibida,Argentina,
AR010,2026-07-04,114921.04,EGRESO,TRANSFERENCIA,ELECTRONICO,Servicios contratados,Argentina,
AR012,2026-07-04,1190395.33,INGRESO,TRANSFERENCIA,ELECTRONICO,Mayorista del rubro,Argentina,
AR015,2026-07-04,477683.74,INGRESO,TRANSFERENCIA,ELECTRONICO,Servicios contratados,Argentina,
AR016,2026-07-04,532401.55,INGRESO,TRANSFERENCIA,ELECTRONICO,Proveedor local,Argentina,
AR034,2026-07-04,4437623.33,INGRESO,CHEQUE,ELECTRONICO,Proveedor local,Argentina,
AR001,2026-07-05,280327.46,INGRESO,TRANSFERENCIA,ELECTRONICO,Cliente minorista,Argentina,
AR010,2026-07-05,148844.13,INGRESO,EFECTIVO,PRESENCIAL,Cliente minorista,Argentina,
AR010,2026-07-05,170123.43,EGRESO,TRANSFERENCIA,ELECTRONICO,Servicios contratados,Argentina,
AR019,2026-07-05,467111.37,EGRESO,TRANSFERENCIA,ELECTRONICO,Cobro de honorarios,Argentina,
AR020,2026-07-05,157409.49,EGRESO,EFECTIVO,PRESENCIAL,Comitente,Uruguay,
AR025,2026-07-05,1880193.40,EGRESO,CHEQUE,ELECTRONICO,Cobro de honorarios,Argentina,
AR029,2026-07-05,1912799.49,INGRESO,TRANSFERENCIA,ELECTRONICO,Transferencia recibida,Argentina,
AR008,2026-07-06,78465.52,INGRESO,TRANSFERENCIA,ELECTRONICO,Servicios contratados,Argentina,
AR010,2026-07-06,133492.86,EGRESO,TRANSFERENCIA,ELECTRONICO,Servicios contratados,Argentina,
AR011,2026-07-06,203466.23,EGRESO,TRANSFERENCIA,ELECTRONICO,Mayorista del rubro,Argentina,
AR020,2026-07-06,190519.51,INGRESO,EFECTIVO,PRESENCIAL,Cliente minorista,Argentina,
AR022,2026-07-06,51667.73,INGRESO,TRANSFERENCIA,ELECTRONICO,Proveedor local,Argentina,
AR026,2026-07-06,3764160.83,INGRESO,CHEQUE,ELECTRONICO,Proveedor local,Argentina,
AR026,2026-07-06,2557627.17,INGRESO,TRANSFERENCIA,ELECTRONICO,Cobro de honorarios,Argentina,
AR030,2026-07-06,3190034.36,EGRESO,TRANSFERENCIA,ELECTRONICO,Proveedor local,Argentina,
AR032,2026-07-06,1408246.92,INGRESO,TRANSFERENCIA,ELECTRONICO,Servicios contratados,Argentina,
AR004,2026-07-07,155786.21,INGRESO,TRANSFERENCIA,ELECTRONICO,Mayorista del rubro,Argentina,
AR009,2026-07-07,79640.42,EGRESO,TRANSFERENCIA,ELECTRONICO,Transferencia recibida,Argentina,
AR011,2026-07-07,171464.86,INGRESO,CHEQUE,ELECTRONICO,Cliente minorista,Argentina,
AR014,2026-07-07,684692.77,INGRESO,EFECTIVO,PRESENCIAL,Mayorista del rubro,Argentina,
AR014,2026-07-07,736839.32,EGRESO,TRANSFERENCIA,ELECTRONICO,Mayorista del rubro,Argentina,
AR015,2026-07-07,523126.16,INGRESO,TRANSFERENCIA,ELECTRONICO,Proveedor local,Argentina,
AR018,2026-07-07,184292.34,EGRESO,CHEQUE,ELECTRONICO,Cobro de honorarios,Argentina,
AR021,2026-07-07,255781.77,INGRESO,CHEQUE,ELECTRONICO,Cliente minorista,Argentina,
AR021,2026-07-07,486670.83,EGRESO,EFECTIVO,PRESENCIAL,Proveedor local,Argentina,
AR003,2026-07-08,266293.10,INGRESO,TRANSFERENCIA,ELECTRONICO,Cobro de honorarios,Argentina,
AR007,2026-07-08,854458.89,EGRESO,CHEQUE,ELECTRONICO,Mayorista del rubro,Argentina,
AR016,2026-07-08,761728.04,EGRESO,CHEQUE,ELECTRONICO,Proveedor,Chile,
AR020,2026-07-08,193312.33,INGRESO,EFECTIVO,PRESENCIAL,Transferencia recibida,Argentina,
AR021,2026-07-08,412141.24,INGRESO,CHEQUE,ELECTRONICO,Transferencia recibida,Argentina,
AR028,2026-07-08,1723820.94,INGRESO,EFECTIVO,PRESENCIAL,Servicios contratados,Argentina,
AR032,2026-07-08,1515875.79,INGRESO,TRANSFERENCIA,ELECTRONICO,Cobro de honorarios,Argentina,
AR014,2026-07-09,967199.67,INGRESO,CHEQUE,ELECTRONICO,Comitente,Uruguay,
AR004,2026-07-10,199835.47,EGRESO,EFECTIVO,PRESENCIAL,Cobro de honorarios,Argentina,
AR006,2026-07-10,258710.50,EGRESO,CHEQUE,ELECTRONICO,Mayorista del rubro,Argentina,
AR008,2026-07-10,68002.94,EGRESO,TRANSFERENCIA,ELECTRONICO,Servicios contratados,Argentina,
AR008,2026-07-10,119492.69,EGRESO,TRANSFERENCIA,ELECTRONICO,Proveedor local,Argentina,
AR009,2026-07-10,62361.68,EGRESO,TRANSFERENCIA,ELECTRONICO,Mayorista del rubro,Argentina,
AR013,2026-07-10,1234143.29,INGRESO,TRANSFERENCIA,ELECTRONICO,Mayorista del rubro,Argentina,
AR016,2026-07-10,516696.86,INGRESO,EFECTIVO,PRESENCIAL,Cliente minorista,Argentina,
AR004,2026-07-11,111549.97,INGRESO,EFECTIVO,PRESENCIAL,Servicios contratados,Argentina,
AR006,2026-07-11,268654.55,EGRESO,TRANSFERENCIA,ELECTRONICO,Servicios contratados,Argentina,
AR007,2026-07-11,1064068.89,EGRESO,EFECTIVO,PRESENCIAL,Cliente minorista,Argentina,
AR010,2026-07-11,167720.43,EGRESO,CHEQUE,ELECTRONICO,Comitente,Uruguay,
AR015,2026-07-11,798209.47,INGRESO,CHEQUE,ELECTRONICO,Cobro de honorarios,Argentina,
AR016,2026-07-11,1024289.60,INGRESO,TRANSFERENCIA,ELECTRONICO,Cobro de honorarios,Argentina,
AR018,2026-07-11,273650.81,INGRESO,TRANSFERENCIA,ELECTRONICO,Proveedor,Chile,
AR019,2026-07-11,369161.93,INGRESO,CHEQUE,ELECTRONICO,Transferencia recibida,Argentina,
AR022,2026-07-11,60104.36,EGRESO,TRANSFERENCIA,ELECTRONICO,Cliente minorista,Argentina,
AR031,2026-07-11,1946572.87,EGRESO,CHEQUE,ELECTRONICO,Transferencia recibida,Argentina,
AR032,2026-07-11,1247109.08,INGRESO,CHEQUE,ELECTRONICO,Cliente minorista,Argentina,
AR006,2026-07-12,256480.30,EGRESO,EFECTIVO,PRESENCIAL,Proveedor,Chile,
AR014,2026-07-12,563386.40,INGRESO,TRANSFERENCIA,ELECTRONICO,Servicios contratados,Argentina,
AR014,2026-07-12,784783.08,INGRESO,CHEQUE,ELECTRONICO,Mayorista del rubro,Argentina,
AR019,2026-07-12,323704.40,INGRESO,TRANSFERENCIA,ELECTRONICO,Mayorista del rubro,Argentina,
AR021,2026-07-12,304374.35,INGRESO,CHEQUE,ELECTRONICO,Transferencia recibida,Argentina,
AR021,2026-07-12,419462.69,INGRESO,CHEQUE,ELECTRONICO,Servicios contratados,Argentina,
AR023,2026-07-12,2860230.58,INGRESO,TRANSFERENCIA,ELECTRONICO,Mayorista del rubro,Argentina,
AR028,2026-07-12,1175214.50,INGRESO,TRANSFERENCIA,ELECTRONICO,Comitente,Uruguay,
AR033,2026-07-12,2756206.55,EGRESO,TRANSFERENCIA,ELECTRONICO,Servicios contratados,Argentina,
AR034,2026-07-12,9224535.54,INGRESO,CHEQUE,ELECTRONICO,Proveedor local,Argentina,
AR014,2026-07-13,925290.59,INGRESO,TRANSFERENCIA,ELECTRONICO,Proveedor local,Argentina,
AR016,2026-07-13,490350.65,EGRESO,TRANSFERENCIA,ELECTRONICO,Servicios contratados,Argentina,
AR022,2026-07-13,58579.75,INGRESO,TRANSFERENCIA,ELECTRONICO,Servicios contratados,Argentina,
AR026,2026-07-13,4208923.42,EGRESO,CHEQUE,ELECTRONICO,Comitente,Uruguay,
AR026,2026-07-13,4012982.96,INGRESO,TRANSFERENCIA,ELECTRONICO,Proveedor local,Argentina,
AR028,2026-07-13,801653.50,INGRESO,TRANSFERENCIA,ELECTRONICO,Servicios contratados,Argentina,
AR031,2026-07-13,3709261.34,EGRESO,TRANSFERENCIA,ELECTRONICO,Mayorista del rubro,Argentina,
AR033,2026-07-13,3302095.35,EGRESO,TRANSFERENCIA,ELECTRONICO,Comitente,Uruguay,
AR005,2026-07-14,40414.52,INGRESO,CHEQUE,ELECTRONICO,Cliente minorista,Argentina,
AR013,2026-07-14,2454359.87,EGRESO,TRANSFERENCIA,ELECTRONICO,Cliente minorista,Argentina,
AR017,2026-07-14,302515.88,INGRESO,CHEQUE,ELECTRONICO,Mayorista del rubro,Argentina,
AR028,2026-07-14,1351472.48,INGRESO,CHEQUE,ELECTRONICO,Mayorista del rubro,Argentina,
AR032,2026-07-14,1736418.04,INGRESO,TRANSFERENCIA,ELECTRONICO,Servicios contratados,Argentina,
AR033,2026-07-14,2264617.66,INGRESO,CHEQUE,ELECTRONICO,Servicios contratados,Argentina,
AR003,2026-07-15,142478.21,INGRESO,TRANSFERENCIA,ELECTRONICO,Cobro de honorarios,Argentina,
AR003,2026-07-15,206259.14,INGRESO,EFECTIVO,PRESENCIAL,Mayorista del rubro,Argentina,
AR005,2026-07-15,54732.37,EGRESO,EFECTIVO,PRESENCIAL,Servicios contratados,Argentina,
AR005,2026-07-15,48198.81,INGRESO,EFECTIVO,PRESENCIAL,Transferencia recibida,Argentina,
AR010,2026-07-15,77313.39,INGRESO,CHEQUE,ELECTRONICO,Transferencia recibida,Argentina,
AR012,2026-07-15,1732217.47,EGRESO,TRANSFERENCIA,ELECTRONICO,Proveedor local,Argentina,
AR014,2026-07-15,739432.71,INGRESO,TRANSFERENCIA,ELECTRONICO,Servicios contratados,Argentina,
AR016,2026-07-15,819280.67,INGRESO,EFECTIVO,PRESENCIAL,Transferencia recibida,Argentina,
AR020,2026-07-15,103627.93,INGRESO,CHEQUE,ELECTRONICO,Cobro de honorarios,Argentina,
AR003,2026-07-16,280897.10,INGRESO,EFECTIVO,PRESENCIAL,Transferencia recibida,Argentina,
AR007,2026-07-16,758273.96,INGRESO,TRANSFERENCIA,ELECTRONICO,Cliente minorista,Argentina,
AR009,2026-07-16,129451.92,EGRESO,TRANSFERENCIA,ELECTRONICO,Cobro de honorarios,Argentina,
AR012,2026-07-16,1396893.08,EGRESO,TRANSFERENCIA,ELECTRONICO,Comitente,Uruguay,
AR013,2026-07-16,1982477.64,EGRESO,TRANSFERENCIA,ELECTRONICO,Transferencia recibida,Argentina,
AR024,2026-07-16,380363.49,INGRESO,TRANSFERENCIA,ELECTRONICO,Mayorista del rubro,Argentina,
AR026,2026-07-16,4860407.41,EGRESO,CHEQUE,ELECTRONICO,Mayorista del rubro,Argentina,
AR027,2026-07-16,7112468.39,EGRESO,TRANSFERENCIA,ELECTRONICO,Cliente minorista,Argentina,
AR033,2026-07-16,3532215.00,INGRESO,CHEQUE,ELECTRONICO,Cliente minorista,Argentina,
AR002,2026-07-17,218633.48,INGRESO,TRANSFERENCIA,ELECTRONICO,Comitente,Uruguay,
AR028,2026-07-17,975259.32,INGRESO,CHEQUE,ELECTRONICO,Proveedor local,Argentina,
AR029,2026-07-17,1049975.32,INGRESO,CHEQUE,ELECTRONICO,Mayorista del rubro,Argentina,
AR034,2026-07-17,5713038.89,INGRESO,TRANSFERENCIA,ELECTRONICO,Cliente minorista,Argentina,
AR015,2026-07-18,964822.20,INGRESO,TRANSFERENCIA,ELECTRONICO,Cobro de honorarios,Argentina,
AR020,2026-07-18,203372.92,INGRESO,CHEQUE,ELECTRONICO,Cobro de honorarios,Argentina,
AR033,2026-07-18,1896069.88,EGRESO,CHEQUE,ELECTRONICO,Mayorista del rubro,Argentina,
AR001,2026-07-19,340034.84,EGRESO,CHEQUE,ELECTRONICO,Cobro de honorarios,Argentina,
AR008,2026-07-19,61934.73,EGRESO,TRANSFERENCIA,ELECTRONICO,Transferencia recibida,Argentina,
AR012,2026-07-19,1500935.38,INGRESO,TRANSFERENCIA,ELECTRONICO,Proveedor local,Argentina,
AR029,2026-07-19,1572503.05,INGRESO,CHEQUE,ELECTRONICO,Proveedor local,Argentina,
AR005,2026-07-20,27428.34,INGRESO,CHEQUE,ELECTRONICO,Cobro de honorarios,Argentina,
AR008,2026-07-20,69816.09,INGRESO,CHEQUE,ELECTRONICO,Proveedor local,Argentina,
AR015,2026-07-20,467507.67,INGRESO,TRANSFERENCIA,ELECTRONICO,Importador,Brasil,
AR018,2026-07-20,145424.72,EGRESO,TRANSFERENCIA,ELECTRONICO,Cliente minorista,Argentina,
AR028,2026-07-20,1627076.86,INGRESO,TRANSFERENCIA,ELECTRONICO,Servicios contratados,Argentina,
AR029,2026-07-20,1821001.87,INGRESO,CHEQUE,ELECTRONICO,Transferencia recibida,Argentina,
AR032,2026-07-20,1696649.95,EGRESO,CHEQUE,ELECTRONICO,Mayorista del rubro,Argentina,
AR032,2026-07-20,930166.22,INGRESO,CHEQUE,ELECTRONICO,Mayorista del rubro,Argentina,
AR035,2026-07-20,2147689.68,EGRESO,CHEQUE,ELECTRONICO,Servicios contratados,Argentina,
AR002,2026-07-21,225058.61,INGRESO,TRANSFERENCIA,ELECTRONICO,Mayorista del rubro,Argentina,
AR010,2026-07-21,166707.26,EGRESO,CHEQUE,ELECTRONICO,Transferencia recibida,Argentina,
AR017,2026-07-21,264447.53,INGRESO,CHEQUE,ELECTRONICO,Proveedor local,Argentina,
AR023,2026-07-21,2425412.33,EGRESO,TRANSFERENCIA,ELECTRONICO,Cobro de honorarios,Argentina,
AR031,2026-07-21,3016191.16,INGRESO,CHEQUE,ELECTRONICO,Proveedor local,Argentina,
AR001,2026-07-22,361964.68,EGRESO,TRANSFERENCIA,ELECTRONICO,Cobro de honorarios,Argentina,
AR002,2026-07-22,165307.17,INGRESO,CHEQUE,ELECTRONICO,Cobro de honorarios,Argentina,
AR003,2026-07-22,226595.34,INGRESO,TRANSFERENCIA,ELECTRONICO,Transferencia recibida,Argentina,
AR005,2026-07-22,41093.98,INGRESO,TRANSFERENCIA,ELECTRONICO,Importador,Brasil,
AR007,2026-07-22,687668.44,INGRESO,CHEQUE,ELECTRONICO,Proveedor local,Argentina,
AR016,2026-07-22,963064.69,INGRESO,TRANSFERENCIA,ELECTRONICO,Cobro de honorarios,Argentina,
AR019,2026-07-22,527118.94,INGRESO,TRANSFERENCIA,ELECTRONICO,Proveedor local,Argentina,
AR026,2026-07-22,4404647.26,INGRESO,CHEQUE,ELECTRONICO,Proveedor local,Argentina,
AR029,2026-07-22,1603663.79,INGRESO,TRANSFERENCIA,ELECTRONICO,Cobro de honorarios,Argentina,
AR030,2026-07-22,3478258.55,INGRESO,TRANSFERENCIA,ELECTRONICO,Cobro de honorarios,Argentina,
AR033,2026-07-22,2140130.39,INGRESO,TRANSFERENCIA,ELECTRONICO,Servicios contratados,Argentina,
AR034,2026-07-22,6318633.64,INGRESO,TRANSFERENCIA,ELECTRONICO,Mayorista del rubro,Argentina,
AR003,2026-07-23,159462.65,INGRESO,CHEQUE,ELECTRONICO,Mayorista del rubro,Argentina,
AR007,2026-07-23,1140848.28,INGRESO,TRANSFERENCIA,ELECTRONICO,Cliente minorista,Argentina,
AR035,2026-07-23,2274183.34,INGRESO,TRANSFERENCIA,ELECTRONICO,Mayorista del rubro,Argentina,
AR008,2026-07-24,107349.43,INGRESO,CHEQUE,ELECTRONICO,Cobro de honorarios,Argentina,
AR001,2026-07-25,280340.68,INGRESO,TRANSFERENCIA,ELECTRONICO,Cobro de honorarios,Argentina,
AR002,2026-07-25,168895.33,INGRESO,TRANSFERENCIA,ELECTRONICO,Mayorista del rubro,Argentina,
AR004,2026-07-25,150566.91,INGRESO,CHEQUE,ELECTRONICO,Cobro de honorarios,Argentina,
AR005,2026-07-25,32411.34,INGRESO,CHEQUE,ELECTRONICO,Cobro de honorarios,Argentina,
AR008,2026-07-25,140344.14,INGRESO,TRANSFERENCIA,ELECTRONICO,Cobro de honorarios,Argentina,
AR014,2026-07-25,1002938.44,EGRESO,TRANSFERENCIA,ELECTRONICO,Transferencia recibida,Argentina,
AR019,2026-07-25,310741.79,EGRESO,TRANSFERENCIA,ELECTRONICO,Servicios contratados,Argentina,
AR025,2026-07-25,1410544.62,INGRESO,TRANSFERENCIA,ELECTRONICO,Proveedor local,Argentina,
AR033,2026-07-25,2133269.59,INGRESO,TRANSFERENCIA,ELECTRONICO,Mayorista del rubro,Argentina,
AR003,2026-07-26,294348.43,INGRESO,TRANSFERENCIA,ELECTRONICO,Cobro de honorarios,Argentina,
AR003,2026-07-26,161969.03,EGRESO,TRANSFERENCIA,ELECTRONICO,Proveedor local,Argentina,
AR015,2026-07-26,856996.20,EGRESO,TRANSFERENCIA,ELECTRONICO,Transferencia recibida,Argentina,
AR022,2026-07-26,76855.27,EGRESO,TRANSFERENCIA,ELECTRONICO,Servicios contratados,Argentina,
AR023,2026-07-26,2345367.93,EGRESO,TRANSFERENCIA,ELECTRONICO,Servicios contratados,Argentina,
AR025,2026-07-26,1859831.31,INGRESO,TRANSFERENCIA,ELECTRONICO,Mayorista del rubro,Argentina,
AR032,2026-07-26,1330334.93,INGRESO,TRANSFERENCIA,ELECTRONICO,Cobro de honorarios,Argentina,
AR002,2026-07-27,270073.64,INGRESO,TRANSFERENCIA,ELECTRONICO,Cobro de honorarios,Argentina,
AR005,2026-07-27,55083.97,INGRESO,CHEQUE,ELECTRONICO,Mayorista del rubro,Argentina,
AR008,2026-07-27,66392.96,EGRESO,TRANSFERENCIA,ELECTRONICO,Transferencia recibida,Argentina,
AR013,2026-07-27,2223802.47,INGRESO,CHEQUE,ELECTRONICO,Mayorista del rubro,Argentina,
AR017,2026-07-27,252042.34,EGRESO,CHEQUE,ELECTRONICO,Cobro de honorarios,Argentina,
AR019,2026-07-27,399128.18,INGRESO,TRANSFERENCIA,ELECTRONICO,Transferencia recibida,Argentina,
AR022,2026-07-27,67433.66,INGRESO,CHEQUE,ELECTRONICO,Mayorista del rubro,Argentina,
AR031,2026-07-27,2260202.35,INGRESO,TRANSFERENCIA,ELECTRONICO,Transferencia recibida,Argentina,
AR008,2026-07-28,104272.61,INGRESO,CHEQUE,ELECTRONICO,Transferencia recibida,Argentina,
AR022,2026-07-28,78993.13,EGRESO,TRANSFERENCIA,ELECTRONICO,Proveedor local,Argentina,
AR029,2026-07-28,1309859.90,EGRESO,TRANSFERENCIA,ELECTRONICO,Proveedor,Chile,
AR029,2026-07-28,2169636.13,INGRESO,EFECTIVO,PRESENCIAL,Transferencia recibida,Argentina,
AR035,2026-07-28,1833520.87,INGRESO,TRANSFERENCIA,ELECTRONICO,Proveedor local,Argentina,
AR001,2026-07-29,307743.46,EGRESO,CHEQUE,ELECTRONICO,Servicios contratados,Argentina,
AR015,2026-07-29,752395.93,INGRESO,TRANSFERENCIA,ELECTRONICO,Cliente minorista,Argentina,
AR015,2026-07-29,594526.20,INGRESO,TRANSFERENCIA,ELECTRONICO,Servicios contratados,Argentina,
AR024,2026-07-29,411390.71,INGRESO,CHEQUE,ELECTRONICO,Transferencia recibida,Argentina,
AR025,2026-07-29,1974994.23,EGRESO,TRANSFERENCIA,ELECTRONICO,Transferencia recibida,Argentina,
AR026,2026-07-29,3440003.42,EGRESO,CHEQUE,ELECTRONICO,Cliente minorista,Argentina,
AR015,2026-07-30,531260.84,INGRESO,EFECTIVO,PRESENCIAL,Cliente minorista,Argentina,
AR018,2026-07-30,224655.96,EGRESO,TRANSFERENCIA,ELECTRONICO,Proveedor local,Argentina,
AR022,2026-07-30,69107.46,INGRESO,TRANSFERENCIA,ELECTRONICO,Mayorista del rubro,Argentina,
AR004,2026-07-31,222372.83,EGRESO,TRANSFERENCIA,ELECTRONICO,Proveedor,Chile,
AR015,2026-07-31,742785.55,INGRESO,CHEQUE,ELECTRONICO,Transferencia recibida,Argentina,
AR017,2026-07-31,289462.63,EGRESO,TRANSFERENCIA,ELECTRONICO,Cliente minorista,Argentina,
AR021,2026-07-31,349233.67,INGRESO,EFECTIVO,PRESENCIAL,Cliente minorista,Argentina,
AR024,2026-07-31,396835.10,INGRESO,TRANSFERENCIA,ELECTRONICO,Transferencia recibida,Argentina,
AR003,2026-08-01,250642.05,INGRESO,TRANSFERENCIA,ELECTRONICO,Servicios contratados,Argentina,
AR009,2026-08-01,98693.26,INGRESO,TRANSFERENCIA,ELECTRONICO,Importador,Brasil,
AR009,2026-08-01,92854.47,EGRESO,CHEQUE,ELECTRONICO,Servicios contratados,Argentina,
AR010,2026-08-01,130092.04,EGRESO,CHEQUE,ELECTRONICO,Mayorista del rubro,Argentina,
AR012,2026-08-01,1389192.03,EGRESO,CHEQUE,ELECTRONICO,Servicios contratados,Argentina,
AR025,2026-08-01,2484444.92,INGRESO,CHEQUE,ELECTRONICO,Cliente minorista,Argentina,
AR026,2026-08-01,3871937.74,INGRESO,CHEQUE,ELECTRONICO,Cobro de honorarios,Argentina,
AR007,2026-08-02,579409.66,EGRESO,TRANSFERENCIA,ELECTRONICO,Transferencia recibida,Argentina,
AR008,2026-08-02,65687.12,EGRESO,TRANSFERENCIA,ELECTRONICO,Cobro de honorarios,Argentina,
AR008,2026-08-02,76197.38,INGRESO,CHEQUE,ELECTRONICO,Proveedor local,Argentina,
AR014,2026-08-02,874522.76,EGRESO,CHEQUE,ELECTRONICO,Cobro de honorarios,Argentina,
AR016,2026-08-02,762663.90,INGRESO,TRANSFERENCIA,ELECTRONICO,Proveedor local,Argentina,
AR019,2026-08-02,549810.49,EGRESO,CHEQUE,ELECTRONICO,Servicios contratados,Argentina,
AR019,2026-08-02,407746.07,INGRESO,EFECTIVO,PRESENCIAL,Cliente minorista,Argentina,
AR035,2026-08-02,1620505.16,INGRESO,TRANSFERENCIA,ELECTRONICO,Cliente minorista,Argentina,
AR035,2026-08-02,2745328.68,INGRESO,TRANSFERENCIA,ELECTRONICO,Transferencia recibida,Argentina,
AR002,2026-08-03,171995.91,EGRESO,TRANSFERENCIA,ELECTRONICO,Cobro de honorarios,Argentina,
AR005,2026-08-03,36279.64,EGRESO,EFECTIVO,PRESENCIAL,Mayorista del rubro,Argentina,
AR011,2026-08-03,264822.13,EGRESO,TRANSFERENCIA,ELECTRONICO,Cliente minorista,Argentina,
AR015,2026-08-03,727314.83,INGRESO,TRANSFERENCIA,ELECTRONICO,Proveedor local,Argentina,
AR015,2026-08-03,472651.85,INGRESO,TRANSFERENCIA,ELECTRONICO,Transferencia recibida,Argentina,
AR021,2026-08-03,382619.24,EGRESO,TRANSFERENCIA,ELECTRONICO,Servicios contratados,Argentina,
AR026,2026-08-03,2848726.59,INGRESO,TRANSFERENCIA,ELECTRONICO,Mayorista del rubro,Argentina,
AR027,2026-08-03,10528962.44,INGRESO,CHEQUE,ELECTRONICO,Mayorista del rubro,Argentina,
AR001,2026-08-04,266069.02,INGRESO,TRANSFERENCIA,ELECTRONICO,Cliente minorista,Argentina,
AR008,2026-08-04,77135.30,INGRESO,CHEQUE,ELECTRONICO,Mayorista del rubro,Argentina,
AR008,2026-08-04,140648.88,INGRESO,CHEQUE,ELECTRONICO,Proveedor local,Argentina,
AR010,2026-08-04,97763.39,INGRESO,CHEQUE,ELECTRONICO,Servicios contratados,Argentina,
AR013,2026-08-04,1459195.35,EGRESO,CHEQUE,ELECTRONICO,Mayorista del rubro,Argentina,
AR014,2026-08-04,593236.61,INGRESO,CHEQUE,ELECTRONICO,Proveedor,Chile,
AR016,2026-08-04,1037997.22,INGRESO,CHEQUE,ELECTRONICO,Proveedor local,Argentina,
AR020,2026-08-04,212990.10,INGRESO,TRANSFERENCIA,ELECTRONICO,Mayorista del rubro,Argentina,
AR021,2026-08-04,374073.87,INGRESO,TRANSFERENCIA,ELECTRONICO,Cobro de honorarios,Argentina,
AR023,2026-08-04,2002761.34,EGRESO,CHEQUE,ELECTRONICO,Transferencia recibida,Argentina,
AR025,2026-08-04,3006088.68,INGRESO,TRANSFERENCIA,ELECTRONICO,Cobro de honorarios,Argentina,
AR029,2026-08-04,1431456.00,INGRESO,TRANSFERENCIA,ELECTRONICO,Mayorista del rubro,Argentina,
AR031,2026-08-04,3587740.86,INGRESO,CHEQUE,ELECTRONICO,Servicios contratados,Argentina,
AR032,2026-08-04,1335472.18,INGRESO,TRANSFERENCIA,ELECTRONICO,Cobro de honorarios,Argentina,
AR032,2026-08-04,1170014.15,EGRESO,TRANSFERENCIA,ELECTRONICO,Cobro de honorarios,Argentina,
AR004,2026-08-05,102948.21,EGRESO,CHEQUE,ELECTRONICO,Cobro de honorarios,Argentina,
AR010,2026-08-05,87541.85,EGRESO,TRANSFERENCIA,ELECTRONICO,Proveedor local,Argentina,
AR010,2026-08-05,147320.66,EGRESO,EFECTIVO,PRESENCIAL,Proveedor local,Argentina,
AR020,2026-08-05,201576.38,EGRESO,TRANSFERENCIA,ELECTRONICO,Transferencia recibida,Argentina,
AR031,2026-08-05,2077106.90,EGRESO,TRANSFERENCIA,ELECTRONICO,Servicios contratados,Argentina,
AR033,2026-08-05,2397788.60,INGRESO,CHEQUE,ELECTRONICO,Cliente minorista,Argentina,
AR034,2026-08-05,8734647.56,INGRESO,EFECTIVO,PRESENCIAL,Cobro de honorarios,Argentina,
AR003,2026-08-06,270646.77,INGRESO,CHEQUE,ELECTRONICO,Mayorista del rubro,Argentina,
AR007,2026-08-06,559835.90,EGRESO,TRANSFERENCIA,ELECTRONICO,Proveedor local,Argentina,
AR013,2026-08-06,1312776.97,EGRESO,EFECTIVO,PRESENCIAL,Servicios contratados,Argentina,
AR014,2026-08-06,636792.41,EGRESO,TRANSFERENCIA,ELECTRONICO,Cliente minorista,Argentina,
AR014,2026-08-06,1059820.30,INGRESO,CHEQUE,ELECTRONICO,Cobro de honorarios,Argentina,
AR019,2026-08-06,356141.56,INGRESO,TRANSFERENCIA,ELECTRONICO,Mayorista del rubro,Argentina,
AR035,2026-08-06,1733829.55,INGRESO,TRANSFERENCIA,ELECTRONICO,Mayorista del rubro,Argentina,
AR035,2026-08-06,2915315.80,INGRESO,CHEQUE,ELECTRONICO,Cobro de honorarios,Argentina,
AR001,2026-08-07,273846.25,INGRESO,CHEQUE,ELECTRONICO,Transferencia recibida,Argentina,
AR010,2026-08-07,169645.62,EGRESO,TRANSFERENCIA,ELECTRONICO,Proveedor local,Argentina,
AR015,2026-08-07,468313.33,INGRESO,CHEQUE,ELECTRONICO,Cliente minorista,Argentina,
AR020,2026-08-07,215635.49,INGRESO,TRANSFERENCIA,ELECTRONICO,Cliente minorista,Argentina,
AR021,2026-08-07,388457.71,INGRESO,TRANSFERENCIA,ELECTRONICO,Proveedor local,Argentina,
AR030,2026-08-07,4456229.17,INGRESO,TRANSFERENCIA,ELECTRONICO,Servicios contratados,Argentina,
AR031,2026-08-07,2681219.22,EGRESO,TRANSFERENCIA,ELECTRONICO,Mayorista del rubro,Argentina,
AR032,2026-08-07,1750353.80,INGRESO,CHEQUE,ELECTRONICO,Proveedor local,Argentina,
AR034,2026-08-07,9523375.07,INGRESO,TRANSFERENCIA,ELECTRONICO,Mayorista del rubro,Argentina,
AR003,2026-08-08,241736.09,INGRESO,CHEQUE,ELECTRONICO,Cobro de honorarios,Argentina,
AR005,2026-08-08,56208.12,INGRESO,TRANSFERENCIA,ELECTRONICO,Proveedor local,Argentina,
AR008,2026-08-08,69323.55,INGRESO,CHEQUE,ELECTRONICO,Transferencia recibida,Argentina,
AR014,2026-08-08,857868.39,INGRESO,CHEQUE,ELECTRONICO,Mayorista del rubro,Argentina,
AR019,2026-08-08,370797.53,EGRESO,TRANSFERENCIA,ELECTRONICO,Servicios contratados,Argentina,
AR029,2026-08-08,1461509.24,INGRESO,TRANSFERENCIA,ELECTRONICO,Mayorista del rubro,Argentina,
AR033,2026-08-08,1554109.85,INGRESO,TRANSFERENCIA,ELECTRONICO,Proveedor local,Argentina,
AR005,2026-08-09,62474.13,EGRESO,TRANSFERENCIA,ELECTRONICO,Servicios contratados,Argentina,
AR016,2026-08-09,776605.63,INGRESO,TRANSFERENCIA,ELECTRONICO,Cobro de honorarios,Argentina,
AR020,2026-08-09,151258.38,INGRESO,EFECTIVO,PRESENCIAL,Mayorista del rubro,Argentina,
AR027,2026-08-09,9144516.57,INGRESO,EFECTIVO,PRESENCIAL,Proveedor local,Argentina,
AR028,2026-08-09,1669312.01,INGRESO,TRANSFERENCIA,ELECTRONICO,Cobro de honorarios,Argentina,
AR030,2026-08-09,4602441.19,INGRESO,EFECTIVO,PRESENCIAL,Servicios contratados,Argentina,
AR034,2026-08-09,4946109.81,INGRESO,TRANSFERENCIA,ELECTRONICO,Proveedor local,Argentina,
AR002,2026-08-10,308325.23,INGRESO,CHEQUE,ELECTRONICO,Transferencia recibida,Argentina,
AR004,2026-08-10,152249.70,INGRESO,TRANSFERENCIA,ELECTRONICO,Proveedor local,Argentina,
AR005,2026-08-10,31567.64,EGRESO,EFECTIVO,PRESENCIAL,Proveedor,Chile,
AR007,2026-08-10,1255959.88,INGRESO,CHEQUE,ELECTRONICO,Mayorista del rubro,Argentina,
AR018,2026-08-10,143058.65,INGRESO,TRANSFERENCIA,ELECTRONICO,Cliente minorista,Argentina,
AR023,2026-08-10,2895325.04,INGRESO,TRANSFERENCIA,ELECTRONICO,Servicios contratados,Argentina,
AR026,2026-08-10,2224175.42,INGRESO,TRANSFERENCIA,ELECTRONICO,Mayorista del rubro,Argentina,
AR028,2026-08-10,1399191.35,EGRESO,TRANSFERENCIA,ELECTRONICO,Proveedor,Chile,
AR028,2026-08-10,1250534.23,INGRESO,CHEQUE,ELECTRONICO,Cliente minorista,Argentina,
AR032,2026-08-10,876411.70,EGRESO,TRANSFERENCIA,ELECTRONICO,Importador,Brasil,
AR033,2026-08-10,1986645.15,INGRESO,TRANSFERENCIA,ELECTRONICO,Transferencia recibida,Argentina,
AR004,2026-08-11,211352.51,INGRESO,TRANSFERENCIA,ELECTRONICO,Cobro de honorarios,Argentina,
AR007,2026-08-11,709620.31,EGRESO,CHEQUE,ELECTRONICO,Importador,Brasil,
AR007,2026-08-11,1298969.09,INGRESO,TRANSFERENCIA,ELECTRONICO,Mayorista del rubro,Argentina,
AR016,2026-08-11,730123.41,EGRESO,TRANSFERENCIA,ELECTRONICO,Cliente minorista,Argentina,
AR021,2026-08-11,492112.68,INGRESO,TRANSFERENCIA,ELECTRONICO,Cobro de honorarios,Argentina,
AR032,2026-08-11,1632288.97,INGRESO,TRANSFERENCIA,ELECTRONICO,Servicios contratados,Argentina,
AR002,2026-08-12,216343.33,INGRESO,EFECTIVO,PRESENCIAL,Proveedor,Chile,
AR003,2026-08-12,128359.37,INGRESO,CHEQUE,ELECTRONICO,Transferencia recibida,Argentina,
AR003,2026-08-12,130873.05,EGRESO,TRANSFERENCIA,ELECTRONICO,Proveedor local,Argentina,
AR006,2026-08-12,229666.52,EGRESO,CHEQUE,ELECTRONICO,Servicios contratados,Argentina,
AR015,2026-08-12,818057.35,EGRESO,TRANSFERENCIA,ELECTRONICO,Cliente minorista,Argentina,
AR027,2026-08-12,7733319.60,EGRESO,TRANSFERENCIA,ELECTRONICO,Transferencia recibida,Argentina,
AR001,2026-08-13,210621.60,INGRESO,TRANSFERENCIA,ELECTRONICO,Cobro de honorarios,Argentina,
AR003,2026-08-13,180154.84,EGRESO,EFECTIVO,PRESENCIAL,Mayorista del rubro,Argentina,
AR007,2026-08-13,979437.05,EGRESO,TRANSFERENCIA,ELECTRONICO,Cliente minorista,Argentina,
AR008,2026-08-13,72659.86,INGRESO,TRANSFERENCIA,ELECTRONICO,Proveedor local,Argentina,
AR011,2026-08-13,273580.07,EGRESO,TRANSFERENCIA,ELECTRONICO,Mayorista del rubro,Argentina,
AR012,2026-08-13,1804899.42,INGRESO,TRANSFERENCIA,ELECTRONICO,Transferencia recibida,Argentina,
AR014,2026-08-13,590498.56,INGRESO,TRANSFERENCIA,ELECTRONICO,Cliente minorista,Argentina,
AR016,2026-08-13,498948.50,EGRESO,TRANSFERENCIA,ELECTRONICO,Importador,Brasil,
AR020,2026-08-13,128893.17,EGRESO,CHEQUE,ELECTRONICO,Transferencia recibida,Argentina,
AR033,2026-08-13,2592438.68,INGRESO,TRANSFERENCIA,ELECTRONICO,Proveedor local,Argentina,
AR003,2026-08-14,243980.48,EGRESO,TRANSFERENCIA,ELECTRONICO,Cliente minorista,Argentina,
AR011,2026-08-14,277761.60,INGRESO,CHEQUE,ELECTRONICO,Proveedor local,Argentina,
AR015,2026-08-14,750062.92,EGRESO,CHEQUE,ELECTRONICO,Proveedor local,Argentina,
AR016,2026-08-14,842333.56,EGRESO,TRANSFERENCIA,ELECTRONICO,Cobro de honorarios,Argentina,
AR016,2026-08-14,903440.16,INGRESO,EFECTIVO,PRESENCIAL,Mayorista del rubro,Argentina,
AR019,2026-08-14,336794.86,INGRESO,CHEQUE,ELECTRONICO,Cobro de honorarios,Argentina,
AR026,2026-08-14,4525639.46,EGRESO,CHEQUE,ELECTRONICO,Transferencia recibida,Argentina,
AR026,2026-08-14,2334749.43,INGRESO,CHEQUE,ELECTRONICO,Cliente minorista,Argentina,
AR005,2026-08-15,51470.67,EGRESO,TRANSFERENCIA,ELECTRONICO,Mayorista del rubro,Argentina,
AR022,2026-08-15,86070.84,EGRESO,TRANSFERENCIA,ELECTRONICO,Cliente minorista,Argentina,
AR028,2026-08-15,1194746.02,EGRESO,TRANSFERENCIA,ELECTRONICO,Servicios contratados,Argentina,
AR033,2026-08-15,2532919.16,INGRESO,TRANSFERENCIA,ELECTRONICO,Proveedor,Chile,
AR034,2026-08-15,4887215.67,INGRESO,EFECTIVO,PRESENCIAL,Proveedor local,Argentina,
AR007,2026-08-16,941735.34,EGRESO,TRANSFERENCIA,ELECTRONICO,Proveedor local,Argentina,
AR010,2026-08-16,135045.30,EGRESO,TRANSFERENCIA,ELECTRONICO,Cliente minorista,Argentina,
AR011,2026-08-16,171457.98,INGRESO,CHEQUE,ELECTRONICO,Proveedor local,Argentina,
AR016,2026-08-16,594972.20,EGRESO,EFECTIVO,PRESENCIAL,Mayorista del rubro,Argentina,
AR017,2026-08-16,204365.65,INGRESO,EFECTIVO,PRESENCIAL,Servicios contratados,Argentina,
AR024,2026-08-16,349163.26,INGRESO,CHEQUE,ELECTRONICO,Transferencia recibida,Argentina,
AR006,2026-08-17,214104.88,EGRESO,EFECTIVO,PRESENCIAL,Cliente minorista,Argentina,
AR006,2026-08-17,426953.15,INGRESO,CHEQUE,ELECTRONICO,Mayorista del rubro,Argentina,
AR015,2026-08-17,622721.19,EGRESO,CHEQUE,ELECTRONICO,Cliente minorista,Argentina,
AR023,2026-08-17,1485595.85,INGRESO,CHEQUE,ELECTRONICO,Proveedor local,Argentina,
AR028,2026-08-17,1737437.71,INGRESO,TRANSFERENCIA,ELECTRONICO,Transferencia recibida,Argentina,
AR028,2026-08-17,1437951.80,INGRESO,TRANSFERENCIA,ELECTRONICO,Servicios contratados,Argentina,
AR006,2026-08-18,235399.42,INGRESO,TRANSFERENCIA,ELECTRONICO,Cobro de honorarios,Argentina,
AR019,2026-08-18,506176.84,INGRESO,TRANSFERENCIA,ELECTRONICO,Servicios contratados,Argentina,
AR022,2026-08-18,86526.78,EGRESO,TRANSFERENCIA,ELECTRONICO,Transferencia recibida,Argentina,
AR029,2026-08-18,1292553.28,EGRESO,TRANSFERENCIA,ELECTRONICO,Cobro de honorarios,Argentina,
AR029,2026-08-18,2361176.54,EGRESO,EFECTIVO,PRESENCIAL,Mayorista del rubro,Argentina,
AR003,2026-08-19,177169.14,EGRESO,TRANSFERENCIA,ELECTRONICO,Servicios contratados,Argentina,
AR027,2026-08-19,11970691.16,INGRESO,CHEQUE,ELECTRONICO,Transferencia recibida,Argentina,
AR029,2026-08-19,1517265.30,EGRESO,TRANSFERENCIA,ELECTRONICO,Transferencia recibida,Argentina,
AR032,2026-08-19,905623.86,INGRESO,TRANSFERENCIA,ELECTRONICO,Mayorista del rubro,Argentina,
AR020,2026-08-20,177104.45,INGRESO,EFECTIVO,PRESENCIAL,Cliente minorista,Argentina,
AR023,2026-08-20,2011718.62,INGRESO,TRANSFERENCIA,ELECTRONICO,Cobro de honorarios,Argentina,
AR026,2026-08-20,2710127.00,EGRESO,TRANSFERENCIA,ELECTRONICO,Transferencia recibida,Argentina,
AR028,2026-08-20,1093927.58,INGRESO,TRANSFERENCIA,ELECTRONICO,Transferencia recibida,Argentina,
AR004,2026-08-21,100979.29,INGRESO,EFECTIVO,PRESENCIAL,Transferencia recibida,Argentina,
AR004,2026-08-21,107749.37,EGRESO,EFECTIVO,PRESENCIAL,Proveedor local,Argentina,
AR012,2026-08-21,1709487.21,EGRESO,CHEQUE,ELECTRONICO,Servicios contratados,Argentina,
AR013,2026-08-21,2648991.66,INGRESO,TRANSFERENCIA,ELECTRONICO,Transferencia recibida,Argentina,
AR014,2026-08-21,827259.31,INGRESO,TRANSFERENCIA,ELECTRONICO,Cliente minorista,Argentina,
AR022,2026-08-21,82975.51,EGRESO,CHEQUE,ELECTRONICO,Cobro de honorarios,Argentina,
AR025,2026-08-21,2454946.07,INGRESO,TRANSFERENCIA,ELECTRONICO,Servicios contratados,Argentina,
AR009,2026-08-22,87776.12,INGRESO,CHEQUE,ELECTRONICO,Importador,Brasil,
AR011,2026-08-22,251022.65,INGRESO,EFECTIVO,PRESENCIAL,Servicios contratados,Argentina,
AR022,2026-08-22,90016.95,EGRESO,TRANSFERENCIA,ELECTRONICO,Cliente minorista,Argentina,
AR031,2026-08-22,2045036.54,INGRESO,TRANSFERENCIA,ELECTRONICO,Servicios contratados,Argentina,
AR033,2026-08-22,2455578.37,INGRESO,CHEQUE,ELECTRONICO,Cliente minorista,Argentina,
AR002,2026-08-23,271856.67,INGRESO,TRANSFERENCIA,ELECTRONICO,Cobro de honorarios,Argentina,
AR006,2026-08-23,329653.57,EGRESO,TRANSFERENCIA,ELECTRONICO,Servicios contratados,Argentina,
AR006,2026-08-23,412552.00,INGRESO,CHEQUE,ELECTRONICO,Comitente,Uruguay,
AR008,2026-08-23,121215.98,INGRESO,CHEQUE,ELECTRONICO,Cliente minorista,Argentina,
AR010,2026-08-23,165993.63,EGRESO,EFECTIVO,PRESENCIAL,Transferencia recibida,Argentina,
AR021,2026-08-23,236373.84,INGRESO,EFECTIVO,PRESENCIAL,Comitente,Uruguay,
AR026,2026-08-23,4880712.74,EGRESO,CHEQUE,ELECTRONICO,Proveedor,Chile,
AR026,2026-08-23,4672736.71,EGRESO,TRANSFERENCIA,ELECTRONICO,Proveedor local,Argentina,
AR032,2026-08-23,1143716.60,EGRESO,CHEQUE,ELECTRONICO,Servicios contratados,Argentina,
AR001,2026-08-24,384934.80,INGRESO,TRANSFERENCIA,ELECTRONICO,Transferencia recibida,Argentina,
AR004,2026-08-24,164917.89,INGRESO,EFECTIVO,PRESENCIAL,Cliente minorista,Argentina,
AR006,2026-08-24,373416.73,INGRESO,CHEQUE,ELECTRONICO,Proveedor local,Argentina,
AR021,2026-08-24,403532.32,INGRESO,CHEQUE,ELECTRONICO,Proveedor local,Argentina,
AR001,2026-08-25,219049.60,INGRESO,TRANSFERENCIA,ELECTRONICO,Mayorista del rubro,Argentina,
AR003,2026-08-25,281136.64,EGRESO,EFECTIVO,PRESENCIAL,Proveedor local,Argentina,
AR005,2026-08-25,52574.56,EGRESO,TRANSFERENCIA,ELECTRONICO,Transferencia recibida,Argentina,
AR006,2026-08-25,267766.20,EGRESO,TRANSFERENCIA,ELECTRONICO,Cobro de honorarios,Argentina,
AR013,2026-08-25,1379474.64,INGRESO,TRANSFERENCIA,ELECTRONICO,Proveedor local,Argentina,
AR017,2026-08-25,265867.78,INGRESO,CHEQUE,ELECTRONICO,Proveedor local,Argentina,
AR021,2026-08-25,489724.61,INGRESO,TRANSFERENCIA,ELECTRONICO,Cobro de honorarios,Argentina,
AR022,2026-08-25,87353.29,INGRESO,TRANSFERENCIA,ELECTRONICO,Cliente minorista,Argentina,
AR005,2026-08-26,35340.05,INGRESO,TRANSFERENCIA,ELECTRONICO,Proveedor local,Argentina,
AR005,2026-08-26,59730.23,INGRESO,CHEQUE,ELECTRONICO,Transferencia recibida,Argentina,
AR005,2026-08-26,58763.14,EGRESO,EFECTIVO,PRESENCIAL,Servicios contratados,Argentina,
AR008,2026-08-26,99538.66,INGRESO,TRANSFERENCIA,ELECTRONICO,Transferencia recibida,Argentina,
AR010,2026-08-26,87323.36,EGRESO,TRANSFERENCIA,ELECTRONICO,Cobro de honorarios,Argentina,
AR017,2026-08-26,170767.37,INGRESO,EFECTIVO,PRESENCIAL,Cobro de honorarios,Argentina,
AR019,2026-08-26,266050.36,INGRESO,TRANSFERENCIA,ELECTRONICO,Proveedor local,Argentina,
AR021,2026-08-26,269775.50,EGRESO,CHEQUE,ELECTRONICO,Transferencia recibida,Argentina,
AR025,2026-08-26,2310116.98,EGRESO,TRANSFERENCIA,ELECTRONICO,Cliente minorista,Argentina,
AR029,2026-08-26,1396810.32,INGRESO,TRANSFERENCIA,ELECTRONICO,Proveedor,Chile,
AR030,2026-08-26,4723296.87,EGRESO,TRANSFERENCIA,ELECTRONICO,Comitente,Uruguay,
AR009,2026-08-27,78519.77,EGRESO,TRANSFERENCIA,ELECTRONICO,Cliente minorista,Argentina,
AR014,2026-08-27,590748.74,INGRESO,TRANSFERENCIA,ELECTRONICO,Cliente minorista,Argentina,
AR018,2026-08-27,224493.79,EGRESO,TRANSFERENCIA,ELECTRONICO,Proveedor local,Argentina,
AR018,2026-08-27,154801.65,INGRESO,TRANSFERENCIA,ELECTRONICO,Mayorista del rubro,Argentina,
AR022,2026-08-27,92322.32,INGRESO,TRANSFERENCIA,ELECTRONICO,Servicios contratados,Argentina,
AR024,2026-08-27,407958.81,INGRESO,TRANSFERENCIA,ELECTRONICO,Cobro de honorarios,Argentina,
AR028,2026-08-27,1182603.90,INGRESO,TRANSFERENCIA,ELECTRONICO,Cliente minorista,Argentina,
AR029,2026-08-27,1965774.83,INGRESO,TRANSFERENCIA,ELECTRONICO,Cobro de honorarios,Argentina,
AR032,2026-08-27,1280257.59,INGRESO,TRANSFERENCIA,ELECTRONICO,Mayorista del rubro,Argentina,
AR002,2026-08-28,211773.40,INGRESO,TRANSFERENCIA,ELECTRONICO,Servicios contratados,Argentina,
AR008,2026-08-28,80355.19,INGRESO,CHEQUE,ELECTRONICO,Cliente minorista,Argentina,
AR012,2026-08-28,1991646.02,INGRESO,TRANSFERENCIA,ELECTRONICO,Mayorista del rubro,Argentina,
AR024,2026-08-28,302364.89,INGRESO,CHEQUE,ELECTRONICO,Transferencia recibida,Argentina,
AR025,2026-08-28,2557262.11,INGRESO,TRANSFERENCIA,ELECTRONICO,Mayorista del rubro,Argentina,
AR030,2026-08-28,5257022.67,INGRESO,TRANSFERENCIA,ELECTRONICO,Cobro de honorarios,Argentina,
AR031,2026-08-28,2508860.52,INGRESO,TRANSFERENCIA,ELECTRONICO,Mayorista del rubro,Argentina,
AR033,2026-08-28,3463182.26,EGRESO,TRANSFERENCIA,ELECTRONICO,Proveedor local,Argentina,
